"Sample ID","Source","Product","Stage","Analysis date (Africa/Kampala)","Parameter","Readings","Recorded decision","Specification","Test method","Archived sample","Period start","Period end","Source filter","Product filter","Stage filter","Reference time","Samples analysed","Assessed results","Pass results","Flagged results","Within specification (%)","Average turnaround (hours)"
"C26309-055","Mixing Tank","Flavored milk","Lab tests","2026-10-03","Organoleptic test","F/SILO: Normal","Pass","Characteristic","US EAS 67:2006 Annex A","No","2026-07-06","2026-10-03","all","all","all","2026-10-03T13:05:40.132Z","90","312","305","7","97.75641025641025","12.743030302469135"
"C26309-055","Mixing Tank","Flavored milk","Lab tests","2026-10-03","Temperature, °C","F/SILO: 4.5","Pass","2.0 - 6.0","US EAS 67:2006 Annex A","No","2026-07-06","2026-10-03","all","all","all","2026-10-03T13:05:40.132Z","90","312","305","7","97.75641025641025","12.743030302469135"
"C26309-055","Mixing Tank","Flavored milk","Lab tests","2026-10-03","10 Minutes Resazurin Test","F/SILO: 6","Pass","5.0 - 6.0","US EAS 67:2006 Annex A","No","2026-07-06","2026-10-03","all","all","all","2026-10-03T13:05:40.132Z","90","312","305","7","97.75641025641025","12.743030302469135"
"C26309-055","Mixing Tank","Flavored milk","Lab tests","2026-10-03","pH","F/SILO: 6.71","Pass","6.6 - 6.8","US EAS 67:2019 Annex C","No","2026-07-06","2026-10-03","all","all","all","2026-10-03T13:05:40.132Z","90","312","305","7","97.75641025641025","12.743030302469135"
"C26309-106","Cooling Tanker","Ghee","Lab tests","2026-10-03","Organoleptic test","F/SILO: Normal","Pass","Characteristic","US EAS 67:2006 Annex A","No","2026-07-06","2026-10-03","all","all","all","2026-10-03T13:05:40.132Z","90","312","305","7","97.75641025641025","12.743030302469135"
"C26309-106","Cooling Tanker","Ghee","Lab tests","2026-10-03","Temperature, °C","F/SILO: 4.3","Pass","2.0 - 6.0","US EAS 67:2006 Annex A","No","2026-07-06","2026-10-03","all","all","all","2026-10-03T13:05:40.132Z","90","312","305","7","97.75641025641025","12.743030302469135"
"C26309-106","Cooling Tanker","Ghee","Lab tests","2026-10-03","10 Minutes Resazurin Test","F/SILO: 6","Pass","5.0 - 6.0","US EAS 67:2006 Annex A","No","2026-07-06","2026-10-03","all","all","all","2026-10-03T13:05:40.132Z","90","312","305","7","97.75641025641025","12.743030302469135"
"C26309-106","Cooling Tanker","Ghee","Lab tests","2026-10-03","pH","F/SILO: 6.69","Pass","6.6 - 6.8","US EAS 67:2019 Annex C","No","2026-07-06","2026-10-03","all","all","all","2026-10-03T13:05:40.132Z","90","312","305","7","97.75641025641025","12.743030302469135"
"C26309-118","Truck · UBC 789C","Ghee","Lab tests","2026-10-03","Organoleptic test","F/SILO: Normal","Unassessed","Characteristic","US EAS 67:2006 Annex A","No","2026-07-06","2026-10-03","all","all","all","2026-10-03T13:05:40.132Z","90","312","305","7","97.75641025641025","12.743030302469135"
"C26309-118","Truck · UBC 789C","Ghee","Lab tests","2026-10-03","Temperature, °C","F/SILO: 4.9","Unassessed","2.0 - 6.0","US EAS 67:2006 Annex A","No","2026-07-06","2026-10-03","all","all","all","2026-10-03T13:05:40.132Z","90","312","305","7","97.75641025641025","12.743030302469135"
"C26309-118","Truck · UBC 789C","Ghee","Lab tests","2026-10-03","10 Minutes Resazurin Test","F/SILO: 6","Unassessed","5.0 - 6.0","US EAS 67:2006 Annex A","No","2026-07-06","2026-10-03","all","all","all","2026-10-03T13:05:40.132Z","90","312","305","7","97.75641025641025","12.743030302469135"
"C26309-118","Truck · UBC 789C","Ghee","Lab tests","2026-10-03","pH","F/SILO: 6.75","Unassessed","6.6 - 6.8","US EAS 67:2019 Annex C","No","2026-07-06","2026-10-03","all","all","all","2026-10-03T13:05:40.132Z","90","312","305","7","97.75641025641025","12.743030302469135"
"C26309-162","Tanker","UHT","Lab tests","2026-10-03","Organoleptic test","F/SILO: Normal","Pass","Characteristic","US EAS 67:2006 Annex A","No","2026-07-06","2026-10-03","all","all","all","2026-10-03T13:05:40.132Z","90","312","305","7","97.75641025641025","12.743030302469135"
"C26309-162","Tanker","UHT","Lab tests","2026-10-03","Temperature, °C","F/SILO: 4.1","Pass","2.0 - 6.0","US EAS 67:2006 Annex A","No","2026-07-06","2026-10-03","all","all","all","2026-10-03T13:05:40.132Z","90","312","305","7","97.75641025641025","12.743030302469135"
"C26309-162","Tanker","UHT","Lab tests","2026-10-03","10 Minutes Resazurin Test","F/SILO: 6","Pass","5.0 - 6.0","US EAS 67:2006 Annex A","No","2026-07-06","2026-10-03","all","all","all","2026-10-03T13:05:40.132Z","90","312","305","7","97.75641025641025","12.743030302469135"
"C26309-162","Tanker","UHT","Lab tests","2026-10-03","pH","F/SILO: 6.67","Pass","6.6 - 6.8","US EAS 67:2019 Annex C","No","2026-07-06","2026-10-03","all","all","all","2026-10-03T13:05:40.132Z","90","312","305","7","97.75641025641025","12.743030302469135"
"C26309-192","Truck · UBQ 112X","UHT","Lab tests","2026-10-03","Organoleptic test","F/SILO: Normal","Pass","Characteristic","US EAS 67:2006 Annex A","No","2026-07-06","2026-10-03","all","all","all","2026-10-03T13:05:40.132Z","90","312","305","7","97.75641025641025","12.743030302469135"
"C26309-192","Truck · UBQ 112X","UHT","Lab tests","2026-10-03","Temperature, °C","F/SILO: 3.9","Pass","2.0 - 6.0","US EAS 67:2006 Annex A","No","2026-07-06","2026-10-03","all","all","all","2026-10-03T13:05:40.132Z","90","312","305","7","97.75641025641025","12.743030302469135"
"C26309-192","Truck · UBQ 112X","UHT","Lab tests","2026-10-03","10 Minutes Resazurin Test","F/SILO: 6","Pass","5.0 - 6.0","US EAS 67:2006 Annex A","No","2026-07-06","2026-10-03","all","all","all","2026-10-03T13:05:40.132Z","90","312","305","7","97.75641025641025","12.743030302469135"
"C26309-192","Truck · UBQ 112X","UHT","Lab tests","2026-10-03","pH","F/SILO: 6.65","Pass","6.6 - 6.8","US EAS 67:2019 Annex C","No","2026-07-06","2026-10-03","all","all","all","2026-10-03T13:05:40.132Z","90","312","305","7","97.75641025641025","12.743030302469135"
"C26309-917","Truck · UBB 456B","UHT","Lab tests","2026-10-03","Organoleptic test","F/SILO: Normal","Pass","Characteristic","US EAS 67:2006 Annex A","No","2026-07-06","2026-10-03","all","all","all","2026-10-03T13:05:40.132Z","90","312","305","7","97.75641025641025","12.743030302469135"
"C26309-917","Truck · UBB 456B","UHT","Lab tests","2026-10-03","Temperature, °C","F/SILO: 4.7","Pass","2.0 - 6.0","US EAS 67:2006 Annex A","No","2026-07-06","2026-10-03","all","all","all","2026-10-03T13:05:40.132Z","90","312","305","7","97.75641025641025","12.743030302469135"
"C26309-917","Truck · UBB 456B","UHT","Lab tests","2026-10-03","10 Minutes Resazurin Test","F/SILO: 6","Pass","5.0 - 6.0","US EAS 67:2006 Annex A","No","2026-07-06","2026-10-03","all","all","all","2026-10-03T13:05:40.132Z","90","312","305","7","97.75641025641025","12.743030302469135"
"C26309-917","Truck · UBB 456B","UHT","Lab tests","2026-10-03","pH","F/SILO: 6.73","Pass","6.6 - 6.8","US EAS 67:2019 Annex C","No","2026-07-06","2026-10-03","all","all","all","2026-10-03T13:05:40.132Z","90","312","305","7","97.75641025641025","12.743030302469135"
"C26299-454","Truck · UBQ 112X","Flavored milk","Lab tests","2026-10-02","Organoleptic test","F/SILO: Normal","Pass","Characteristic","US EAS 67:2006 Annex A","No","2026-07-06","2026-10-03","all","all","all","2026-10-03T13:05:40.132Z","90","312","305","7","97.75641025641025","12.743030302469135"
"C26299-454","Truck · UBQ 112X","Flavored milk","Lab tests","2026-10-02","Temperature, °C","F/SILO: 4.1","Pass","2.0 - 6.0","US EAS 67:2006 Annex A","No","2026-07-06","2026-10-03","all","all","all","2026-10-03T13:05:40.132Z","90","312","305","7","97.75641025641025","12.743030302469135"
"C26299-454","Truck · UBQ 112X","Flavored milk","Lab tests","2026-10-02","10 Minutes Resazurin Test","F/SILO: 6","Pass","5.0 - 6.0","US EAS 67:2006 Annex A","No","2026-07-06","2026-10-03","all","all","all","2026-10-03T13:05:40.132Z","90","312","305","7","97.75641025641025","12.743030302469135"
"C26299-454","Truck · UBQ 112X","Flavored milk","Lab tests","2026-10-02","pH","F/SILO: 6.67","Pass","6.6 - 6.8","US EAS 67:2019 Annex C","No","2026-07-06","2026-10-03","all","all","all","2026-10-03T13:05:40.132Z","90","312","305","7","97.75641025641025","12.743030302469135"
"C26299-455","Truck · UBB 456B","Flavored milk","Lab tests","2026-10-02","Organoleptic test","F/SILO: Normal","Pass","Characteristic","US EAS 67:2006 Annex A","No","2026-07-06","2026-10-03","all","all","all","2026-10-03T13:05:40.132Z","90","312","305","7","97.75641025641025","12.743030302469135"
"C26299-455","Truck · UBB 456B","Flavored milk","Lab tests","2026-10-02","Temperature, °C","F/SILO: 4.3","Pass","2.0 - 6.0","US EAS 67:2006 Annex A","No","2026-07-06","2026-10-03","all","all","all","2026-10-03T13:05:40.132Z","90","312","305","7","97.75641025641025","12.743030302469135"
"C26299-455","Truck · UBB 456B","Flavored milk","Lab tests","2026-10-02","10 Minutes Resazurin Test","F/SILO: 6","Pass","5.0 - 6.0","US EAS 67:2006 Annex A","No","2026-07-06","2026-10-03","all","all","all","2026-10-03T13:05:40.132Z","90","312","305","7","97.75641025641025","12.743030302469135"
"C26299-455","Truck · UBB 456B","Flavored milk","Lab tests","2026-10-02","pH","F/SILO: 6.9","Fail","6.6 - 6.8","US EAS 67:2019 Annex C","No","2026-07-06","2026-10-03","all","all","all","2026-10-03T13:05:40.132Z","90","312","305","7","97.75641025641025","12.743030302469135"
"C26299-462","Mixing Tank","UHT","Lab tests","2026-10-02","Organoleptic test","F/SILO: Normal","Pass","Characteristic","US EAS 67:2006 Annex A","No","2026-07-06","2026-10-03","all","all","all","2026-10-03T13:05:40.132Z","90","312","305","7","97.75641025641025","12.743030302469135"
"C26299-462","Mixing Tank","UHT","Lab tests","2026-10-02","Temperature, °C","F/SILO: 4.3","Pass","2.0 - 6.0","US EAS 67:2006 Annex A","No","2026-07-06","2026-10-03","all","all","all","2026-10-03T13:05:40.132Z","90","312","305","7","97.75641025641025","12.743030302469135"
"C26299-462","Mixing Tank","UHT","Lab tests","2026-10-02","10 Minutes Resazurin Test","F/SILO: 6","Pass","5.0 - 6.0","US EAS 67:2006 Annex A","No","2026-07-06","2026-10-03","all","all","all","2026-10-03T13:05:40.132Z","90","312","305","7","97.75641025641025","12.743030302469135"
"C26299-462","Mixing Tank","UHT","Lab tests","2026-10-02","pH","F/SILO: 6.69","Pass","6.6 - 6.8","US EAS 67:2019 Annex C","No","2026-07-06","2026-10-03","all","all","all","2026-10-03T13:05:40.132Z","90","312","305","7","97.75641025641025","12.743030302469135"
"C26299-573","Truck · UBC 789C","Flavored milk","Lab tests","2026-10-02","Organoleptic test","F/SILO: Normal","Pass","Characteristic","US EAS 67:2006 Annex A","No","2026-07-06","2026-10-03","all","all","all","2026-10-03T13:05:40.132Z","90","312","305","7","97.75641025641025","12.743030302469135"
"C26299-573","Truck · UBC 789C","Flavored milk","Lab tests","2026-10-02","Temperature, °C","F/SILO: 4.7","Pass","2.0 - 6.0","US EAS 67:2006 Annex A","No","2026-07-06","2026-10-03","all","all","all","2026-10-03T13:05:40.132Z","90","312","305","7","97.75641025641025","12.743030302469135"
"C26299-573","Truck · UBC 789C","Flavored milk","Lab tests","2026-10-02","10 Minutes Resazurin Test","F/SILO: 6","Pass","5.0 - 6.0","US EAS 67:2006 Annex A","No","2026-07-06","2026-10-03","all","all","all","2026-10-03T13:05:40.132Z","90","312","305","7","97.75641025641025","12.743030302469135"
"C26299-573","Truck · UBC 789C","Flavored milk","Lab tests","2026-10-02","pH","F/SILO: 6.73","Pass","6.6 - 6.8","US EAS 67:2019 Annex C","No","2026-07-06","2026-10-03","all","all","all","2026-10-03T13:05:40.132Z","90","312","305","7","97.75641025641025","12.743030302469135"
"C26299-798","Truck · UBA 123A","Flavored milk","Lab tests","2026-10-02","Organoleptic test","F/SILO: Normal","Pass","Characteristic","US EAS 67:2006 Annex A","No","2026-07-06","2026-10-03","all","all","all","2026-10-03T13:05:40.132Z","90","312","305","7","97.75641025641025","12.743030302469135"
"C26299-798","Truck · UBA 123A","Flavored milk","Lab tests","2026-10-02","Temperature, °C","F/SILO: 3.7","Pass","2.0 - 6.0","US EAS 67:2006 Annex A","No","2026-07-06","2026-10-03","all","all","all","2026-10-03T13:05:40.132Z","90","312","305","7","97.75641025641025","12.743030302469135"
"C26299-798","Truck · UBA 123A","Flavored milk","Lab tests","2026-10-02","10 Minutes Resazurin Test","F/SILO: 6","Pass","5.0 - 6.0","US EAS 67:2006 Annex A","No","2026-07-06","2026-10-03","all","all","all","2026-10-03T13:05:40.132Z","90","312","305","7","97.75641025641025","12.743030302469135"
"C26299-798","Truck · UBA 123A","Flavored milk","Lab tests","2026-10-02","pH","F/SILO: 6.63","Pass","6.6 - 6.8","US EAS 67:2019 Annex C","No","2026-07-06","2026-10-03","all","all","all","2026-10-03T13:05:40.132Z","90","312","305","7","97.75641025641025","12.743030302469135"
"C26299-899","Tanker","UHT","Lab tests","2026-10-02","Organoleptic test","F/SILO: Normal","Pass","Characteristic","US EAS 67:2006 Annex A","No","2026-07-06","2026-10-03","all","all","all","2026-10-03T13:05:40.132Z","90","312","305","7","97.75641025641025","12.743030302469135"
"C26299-899","Tanker","UHT","Lab tests","2026-10-02","Temperature, °C","F/SILO: 4.5","Pass","2.0 - 6.0","US EAS 67:2006 Annex A","No","2026-07-06","2026-10-03","all","all","all","2026-10-03T13:05:40.132Z","90","312","305","7","97.75641025641025","12.743030302469135"
"C26299-899","Tanker","UHT","Lab tests","2026-10-02","10 Minutes Resazurin Test","F/SILO: 6","Pass","5.0 - 6.0","US EAS 67:2006 Annex A","No","2026-07-06","2026-10-03","all","all","all","2026-10-03T13:05:40.132Z","90","312","305","7","97.75641025641025","12.743030302469135"
"C26299-899","Tanker","UHT","Lab tests","2026-10-02","pH","F/SILO: 6.71","Pass","6.6 - 6.8","US EAS 67:2019 Annex C","No","2026-07-06","2026-10-03","all","all","all","2026-10-03T13:05:40.132Z","90","312","305","7","97.75641025641025","12.743030302469135"
"C26309-014","Truck · UBD 234D","Flavored milk","Lab tests","2026-10-02","Organoleptic test","F/SILO: Normal","Pass","Characteristic","US EAS 67:2006 Annex A","No","2026-07-06","2026-10-03","all","all","all","2026-10-03T13:05:40.132Z","90","312","305","7","97.75641025641025","12.743030302469135"
"C26309-014","Truck · UBD 234D","Flavored milk","Lab tests","2026-10-02","Temperature, °C","F/SILO: 5.1","Pass","2.0 - 6.0","US EAS 67:2006 Annex A","No","2026-07-06","2026-10-03","all","all","all","2026-10-03T13:05:40.132Z","90","312","305","7","97.75641025641025","12.743030302469135"
"C26309-014","Truck · UBD 234D","Flavored milk","Lab tests","2026-10-02","10 Minutes Resazurin Test","F/SILO: 6","Pass","5.0 - 6.0","US EAS 67:2006 Annex A","No","2026-07-06","2026-10-03","all","all","all","2026-10-03T13:05:40.132Z","90","312","305","7","97.75641025641025","12.743030302469135"
"C26309-014","Truck · UBD 234D","Flavored milk","Lab tests","2026-10-02","pH","F/SILO: 6.77","Pass","6.6 - 6.8","US EAS 67:2019 Annex C","No","2026-07-06","2026-10-03","all","all","all","2026-10-03T13:05:40.132Z","90","312","305","7","97.75641025641025","12.743030302469135"
"C26309-312","Cooling Tanker","UHT","Lab tests","2026-10-02","Organoleptic test","F/SILO: Normal","Pass","Characteristic","US EAS 67:2006 Annex A","No","2026-07-06","2026-10-03","all","all","all","2026-10-03T13:05:40.132Z","90","312","305","7","97.75641025641025","12.743030302469135"
"C26309-312","Cooling Tanker","UHT","Lab tests","2026-10-02","Temperature, °C","F/SILO: 3.5","Pass","2.0 - 6.0","US EAS 67:2006 Annex A","No","2026-07-06","2026-10-03","all","all","all","2026-10-03T13:05:40.132Z","90","312","305","7","97.75641025641025","12.743030302469135"
"C26309-312","Cooling Tanker","UHT","Lab tests","2026-10-02","10 Minutes Resazurin Test","F/SILO: 6","Pass","5.0 - 6.0","US EAS 67:2006 Annex A","No","2026-07-06","2026-10-03","all","all","all","2026-10-03T13:05:40.132Z","90","312","305","7","97.75641025641025","12.743030302469135"
"C26309-312","Cooling Tanker","UHT","Lab tests","2026-10-02","pH","F/SILO: 6.61","Pass","6.6 - 6.8","US EAS 67:2019 Annex C","No","2026-07-06","2026-10-03","all","all","all","2026-10-03T13:05:40.132Z","90","312","305","7","97.75641025641025","12.743030302469135"
"C26309-460","Tanker","UHT","Lab tests","2026-10-02","Organoleptic test","F/SILO: Normal","Pass","Characteristic","US EAS 67:2006 Annex A","No","2026-07-06","2026-10-03","all","all","all","2026-10-03T13:05:40.132Z","90","312","305","7","97.75641025641025","12.743030302469135"
"C26309-460","Tanker","UHT","Lab tests","2026-10-02","Temperature, °C","F/SILO: 3.7","Pass","2.0 - 6.0","US EAS 67:2006 Annex A","No","2026-07-06","2026-10-03","all","all","all","2026-10-03T13:05:40.132Z","90","312","305","7","97.75641025641025","12.743030302469135"
"C26309-460","Tanker","UHT","Lab tests","2026-10-02","10 Minutes Resazurin Test","F/SILO: 6","Pass","5.0 - 6.0","US EAS 67:2006 Annex A","No","2026-07-06","2026-10-03","all","all","all","2026-10-03T13:05:40.132Z","90","312","305","7","97.75641025641025","12.743030302469135"
"C26309-460","Tanker","UHT","Lab tests","2026-10-02","pH","F/SILO: 6.63","Pass","6.6 - 6.8","US EAS 67:2019 Annex C","No","2026-07-06","2026-10-03","all","all","all","2026-10-03T13:05:40.132Z","90","312","305","7","97.75641025641025","12.743030302469135"
"C26299-218","Truck · UBB 456B","Ghee","Lab tests","2026-10-01","Organoleptic test","F/SILO: Normal","Unassessed","Characteristic","US EAS 67:2006 Annex A","No","2026-07-06","2026-10-03","all","all","all","2026-10-03T13:05:40.132Z","90","312","305","7","97.75641025641025","12.743030302469135"
"C26299-218","Truck · UBB 456B","Ghee","Lab tests","2026-10-01","Temperature, °C","F/SILO: 4.5","Unassessed","2.0 - 6.0","US EAS 67:2006 Annex A","No","2026-07-06","2026-10-03","all","all","all","2026-10-03T13:05:40.132Z","90","312","305","7","97.75641025641025","12.743030302469135"
"C26299-218","Truck · UBB 456B","Ghee","Lab tests","2026-10-01","10 Minutes Resazurin Test","F/SILO: 6","Unassessed","5.0 - 6.0","US EAS 67:2006 Annex A","No","2026-07-06","2026-10-03","all","all","all","2026-10-03T13:05:40.132Z","90","312","305","7","97.75641025641025","12.743030302469135"
"C26299-218","Truck · UBB 456B","Ghee","Lab tests","2026-10-01","pH","F/SILO: 6.71","Unassessed","6.6 - 6.8","US EAS 67:2019 Annex C","No","2026-07-06","2026-10-03","all","all","all","2026-10-03T13:05:40.132Z","90","312","305","7","97.75641025641025","12.743030302469135"
"C26299-558","Truck · UBD 234D","Ghee","Lab tests","2026-10-01","Organoleptic test","F/SILO: Normal","Pass","Characteristic","US EAS 67:2006 Annex A","No","2026-07-06","2026-10-03","all","all","all","2026-10-03T13:05:40.132Z","90","312","305","7","97.75641025641025","12.743030302469135"
"C26299-558","Truck · UBD 234D","Ghee","Lab tests","2026-10-01","Temperature, °C","F/SILO: 3.5","Pass","2.0 - 6.0","US EAS 67:2006 Annex A","No","2026-07-06","2026-10-03","all","all","all","2026-10-03T13:05:40.132Z","90","312","305","7","97.75641025641025","12.743030302469135"
"C26299-558","Truck · UBD 234D","Ghee","Lab tests","2026-10-01","10 Minutes Resazurin Test","F/SILO: 6","Pass","5.0 - 6.0","US EAS 67:2006 Annex A","No","2026-07-06","2026-10-03","all","all","all","2026-10-03T13:05:40.132Z","90","312","305","7","97.75641025641025","12.743030302469135"
"C26299-558","Truck · UBD 234D","Ghee","Lab tests","2026-10-01","pH","F/SILO: 6.61","Pass","6.6 - 6.8","US EAS 67:2019 Annex C","No","2026-07-06","2026-10-03","all","all","all","2026-10-03T13:05:40.132Z","90","312","305","7","97.75641025641025","12.743030302469135"
"C26299-578","Truck · UBQ 112X","Ghee","Lab tests","2026-10-01","Organoleptic test","F/SILO: Normal","Unassessed","Characteristic","US EAS 67:2006 Annex A","No","2026-07-06","2026-10-03","all","all","all","2026-10-03T13:05:40.132Z","90","312","305","7","97.75641025641025","12.743030302469135"
"C26299-578","Truck · UBQ 112X","Ghee","Lab tests","2026-10-01","Temperature, °C","F/SILO: 4.1","Unassessed","2.0 - 6.0","US EAS 67:2006 Annex A","No","2026-07-06","2026-10-03","all","all","all","2026-10-03T13:05:40.132Z","90","312","305","7","97.75641025641025","12.743030302469135"
"C26299-578","Truck · UBQ 112X","Ghee","Lab tests","2026-10-01","10 Minutes Resazurin Test","F/SILO: 6","Unassessed","5.0 - 6.0","US EAS 67:2006 Annex A","No","2026-07-06","2026-10-03","all","all","all","2026-10-03T13:05:40.132Z","90","312","305","7","97.75641025641025","12.743030302469135"
"C26299-578","Truck · UBQ 112X","Ghee","Lab tests","2026-10-01","pH","F/SILO: 6.67","Unassessed","6.6 - 6.8","US EAS 67:2019 Annex C","No","2026-07-06","2026-10-03","all","all","all","2026-10-03T13:05:40.132Z","90","312","305","7","97.75641025641025","12.743030302469135"
"C26299-626","Truck · UBQ 112X","Flavored milk","Lab tests","2026-10-01","Organoleptic test","F/SILO: Normal","Pass","Characteristic","US EAS 67:2006 Annex A","No","2026-07-06","2026-10-03","all","all","all","2026-10-03T13:05:40.132Z","90","312","305","7","97.75641025641025","12.743030302469135"
"C26299-626","Truck · UBQ 112X","Flavored milk","Lab tests","2026-10-01","Temperature, °C","F/SILO: 5.1","Pass","2.0 - 6.0","US EAS 67:2006 Annex A","No","2026-07-06","2026-10-03","all","all","all","2026-10-03T13:05:40.132Z","90","312","305","7","97.75641025641025","12.743030302469135"
"C26299-626","Truck · UBQ 112X","Flavored milk","Lab tests","2026-10-01","10 Minutes Resazurin Test","F/SILO: 6","Pass","5.0 - 6.0","US EAS 67:2006 Annex A","No","2026-07-06","2026-10-03","all","all","all","2026-10-03T13:05:40.132Z","90","312","305","7","97.75641025641025","12.743030302469135"
"C26299-626","Truck · UBQ 112X","Flavored milk","Lab tests","2026-10-01","pH","F/SILO: 6.77","Pass","6.6 - 6.8","US EAS 67:2019 Annex C","No","2026-07-06","2026-10-03","all","all","all","2026-10-03T13:05:40.132Z","90","312","305","7","97.75641025641025","12.743030302469135"
"C26299-627","Tanker","UHT","Lab tests","2026-10-01","Organoleptic test","F/SILO: Normal","Pass","Characteristic","US EAS 67:2006 Annex A","No","2026-07-06","2026-10-03","all","all","all","2026-10-03T13:05:40.132Z","90","312","305","7","97.75641025641025","12.743030302469135"
"C26299-627","Tanker","UHT","Lab tests","2026-10-01","Temperature, °C","F/SILO: 3.5","Pass","2.0 - 6.0","US EAS 67:2006 Annex A","No","2026-07-06","2026-10-03","all","all","all","2026-10-03T13:05:40.132Z","90","312","305","7","97.75641025641025","12.743030302469135"
"C26299-627","Tanker","UHT","Lab tests","2026-10-01","10 Minutes Resazurin Test","F/SILO: 6","Pass","5.0 - 6.0","US EAS 67:2006 Annex A","No","2026-07-06","2026-10-03","all","all","all","2026-10-03T13:05:40.132Z","90","312","305","7","97.75641025641025","12.743030302469135"
"C26299-627","Tanker","UHT","Lab tests","2026-10-01","pH","F/SILO: 6.61","Pass","6.6 - 6.8","US EAS 67:2019 Annex C","No","2026-07-06","2026-10-03","all","all","all","2026-10-03T13:05:40.132Z","90","312","305","7","97.75641025641025","12.743030302469135"
"C26299-813","Tanker","UHT","Lab tests","2026-10-01","Organoleptic test","F/SILO: Normal","Pass","Characteristic","US EAS 67:2006 Annex A","No","2026-07-06","2026-10-03","all","all","all","2026-10-03T13:05:40.132Z","90","312","305","7","97.75641025641025","12.743030302469135"
"C26299-813","Tanker","UHT","Lab tests","2026-10-01","Temperature, °C","F/SILO: 5.1","Pass","2.0 - 6.0","US EAS 67:2006 Annex A","No","2026-07-06","2026-10-03","all","all","all","2026-10-03T13:05:40.132Z","90","312","305","7","97.75641025641025","12.743030302469135"
"C26299-813","Tanker","UHT","Lab tests","2026-10-01","10 Minutes Resazurin Test","F/SILO: 6","Pass","5.0 - 6.0","US EAS 67:2006 Annex A","No","2026-07-06","2026-10-03","all","all","all","2026-10-03T13:05:40.132Z","90","312","305","7","97.75641025641025","12.743030302469135"
"C26299-813","Tanker","UHT","Lab tests","2026-10-01","pH","F/SILO: 6.77","Pass","6.6 - 6.8","US EAS 67:2019 Annex C","No","2026-07-06","2026-10-03","all","all","all","2026-10-03T13:05:40.132Z","90","312","305","7","97.75641025641025","12.743030302469135"
"C26299-944","Mixing Tank","UHT","Lab tests","2026-10-01","Organoleptic test","F/SILO: Normal","Pass","Characteristic","US EAS 67:2006 Annex A","No","2026-07-06","2026-10-03","all","all","all","2026-10-03T13:05:40.132Z","90","312","305","7","97.75641025641025","12.743030302469135"
"C26299-944","Mixing Tank","UHT","Lab tests","2026-10-01","Temperature, °C","F/SILO: 3.9","Pass","2.0 - 6.0","US EAS 67:2006 Annex A","No","2026-07-06","2026-10-03","all","all","all","2026-10-03T13:05:40.132Z","90","312","305","7","97.75641025641025","12.743030302469135"
"C26299-944","Mixing Tank","UHT","Lab tests","2026-10-01","10 Minutes Resazurin Test","F/SILO: 6","Pass","5.0 - 6.0","US EAS 67:2006 Annex A","No","2026-07-06","2026-10-03","all","all","all","2026-10-03T13:05:40.132Z","90","312","305","7","97.75641025641025","12.743030302469135"
"C26299-944","Mixing Tank","UHT","Lab tests","2026-10-01","pH","F/SILO: 6.65","Pass","6.6 - 6.8","US EAS 67:2019 Annex C","No","2026-07-06","2026-10-03","all","all","all","2026-10-03T13:05:40.132Z","90","312","305","7","97.75641025641025","12.743030302469135"
"C26299-961","Cooling Tanker","UHT","Lab tests","2026-10-01","Organoleptic test","F/SILO: Normal","Pass","Characteristic","US EAS 67:2006 Annex A","No","2026-07-06","2026-10-03","all","all","all","2026-10-03T13:05:40.132Z","90","312","305","7","97.75641025641025","12.743030302469135"
"C26299-961","Cooling Tanker","UHT","Lab tests","2026-10-01","Temperature, °C","F/SILO: 4.9","Pass","2.0 - 6.0","US EAS 67:2006 Annex A","No","2026-07-06","2026-10-03","all","all","all","2026-10-03T13:05:40.132Z","90","312","305","7","97.75641025641025","12.743030302469135"
"C26299-961","Cooling Tanker","UHT","Lab tests","2026-10-01","10 Minutes Resazurin Test","F/SILO: 6","Pass","5.0 - 6.0","US EAS 67:2006 Annex A","No","2026-07-06","2026-10-03","all","all","all","2026-10-03T13:05:40.132Z","90","312","305","7","97.75641025641025","12.743030302469135"
"C26299-961","Cooling Tanker","UHT","Lab tests","2026-10-01","pH","F/SILO: 6.75","Pass","6.6 - 6.8","US EAS 67:2019 Annex C","No","2026-07-06","2026-10-03","all","all","all","2026-10-03T13:05:40.132Z","90","312","305","7","97.75641025641025","12.743030302469135"
"C26299-628","Cooling Tanker","Ghee","Lab tests","2026-09-30","Organoleptic test","F/SILO: Normal","Unassessed","Characteristic","US EAS 67:2006 Annex A","No","2026-07-06","2026-10-03","all","all","all","2026-10-03T13:05:40.132Z","90","312","305","7","97.75641025641025","12.743030302469135"
"C26299-628","Cooling Tanker","Ghee","Lab tests","2026-09-30","Temperature, °C","F/SILO: 3.7","Unassessed","2.0 - 6.0","US EAS 67:2006 Annex A","No","2026-07-06","2026-10-03","all","all","all","2026-10-03T13:05:40.132Z","90","312","305","7","97.75641025641025","12.743030302469135"
"C26299-628","Cooling Tanker","Ghee","Lab tests","2026-09-30","10 Minutes Resazurin Test","F/SILO: 6","Unassessed","5.0 - 6.0","US EAS 67:2006 Annex A","No","2026-07-06","2026-10-03","all","all","all","2026-10-03T13:05:40.132Z","90","312","305","7","97.75641025641025","12.743030302469135"
"C26299-628","Cooling Tanker","Ghee","Lab tests","2026-09-30","pH","F/SILO: 6.63","Unassessed","6.6 - 6.8","US EAS 67:2019 Annex C","No","2026-07-06","2026-10-03","all","all","all","2026-10-03T13:05:40.132Z","90","312","305","7","97.75641025641025","12.743030302469135"
"C26299-629","Mixing Tank","Flavored milk","Lab tests","2026-09-30","Organoleptic test","F/SILO: Normal","Pass","Characteristic","US EAS 67:2006 Annex A","No","2026-07-06","2026-10-03","all","all","all","2026-10-03T13:05:40.132Z","90","312","305","7","97.75641025641025","12.743030302469135"
"C26299-629","Mixing Tank","Flavored milk","Lab tests","2026-09-30","Temperature, °C","F/SILO: 3.9","Pass","2.0 - 6.0","US EAS 67:2006 Annex A","No","2026-07-06","2026-10-03","all","all","all","2026-10-03T13:05:40.132Z","90","312","305","7","97.75641025641025","12.743030302469135"
"C26299-629","Mixing Tank","Flavored milk","Lab tests","2026-09-30","10 Minutes Resazurin Test","F/SILO: 6","Pass","5.0 - 6.0","US EAS 67:2006 Annex A","No","2026-07-06","2026-10-03","all","all","all","2026-10-03T13:05:40.132Z","90","312","305","7","97.75641025641025","12.743030302469135"
"C26299-629","Mixing Tank","Flavored milk","Lab tests","2026-09-30","pH","F/SILO: 6.65","Pass","6.6 - 6.8","US EAS 67:2019 Annex C","No","2026-07-06","2026-10-03","all","all","all","2026-10-03T13:05:40.132Z","90","312","305","7","97.75641025641025","12.743030302469135"
"C26299-630","Truck · UBB 456B","UHT","Lab tests","2026-09-30","Organoleptic test","F/SILO: Normal","Pass","Characteristic","US EAS 67:2006 Annex A","No","2026-07-06","2026-10-03","all","all","all","2026-10-03T13:05:40.132Z","90","312","305","7","97.75641025641025","12.743030302469135"
"C26299-630","Truck · UBB 456B","UHT","Lab tests","2026-09-30","Temperature, °C","F/SILO: 4.1","Pass","2.0 - 6.0","US EAS 67:2006 Annex A","No","2026-07-06","2026-10-03","all","all","all","2026-10-03T13:05:40.132Z","90","312","305","7","97.75641025641025","12.743030302469135"
"C26299-630","Truck · UBB 456B","UHT","Lab tests","2026-09-30","10 Minutes Resazurin Test","F/SILO: 6","Pass","5.0 - 6.0","US EAS 67:2006 Annex A","No","2026-07-06","2026-10-03","all","all","all","2026-10-03T13:05:40.132Z","90","312","305","7","97.75641025641025","12.743030302469135"
"C26299-630","Truck · UBB 456B","UHT","Lab tests","2026-09-30","pH","F/SILO: 6.67","Pass","6.6 - 6.8","US EAS 67:2019 Annex C","No","2026-07-06","2026-10-03","all","all","all","2026-10-03T13:05:40.132Z","90","312","305","7","97.75641025641025","12.743030302469135"
"C26299-631","Truck · UBC 789C","UHT","Lab tests","2026-09-30","Organoleptic test","F/SILO: Normal","Pass","Characteristic","US EAS 67:2006 Annex A","No","2026-07-06","2026-10-03","all","all","all","2026-10-03T13:05:40.132Z","90","312","305","7","97.75641025641025","12.743030302469135"
"C26299-631","Truck · UBC 789C","UHT","Lab tests","2026-09-30","Temperature, °C","F/SILO: 4.3","Pass","2.0 - 6.0","US EAS 67:2006 Annex A","No","2026-07-06","2026-10-03","all","all","all","2026-10-03T13:05:40.132Z","90","312","305","7","97.75641025641025","12.743030302469135"
"C26299-631","Truck · UBC 789C","UHT","Lab tests","2026-09-30","10 Minutes Resazurin Test","F/SILO: 6","Pass","5.0 - 6.0","US EAS 67:2006 Annex A","No","2026-07-06","2026-10-03","all","all","all","2026-10-03T13:05:40.132Z","90","312","305","7","97.75641025641025","12.743030302469135"
"C26299-631","Truck · UBC 789C","UHT","Lab tests","2026-09-30","pH","F/SILO: 6.69","Pass","6.6 - 6.8","US EAS 67:2019 Annex C","No","2026-07-06","2026-10-03","all","all","all","2026-10-03T13:05:40.132Z","90","312","305","7","97.75641025641025","12.743030302469135"
"C26299-632","Truck · UBD 234D","Ghee","Lab tests","2026-09-30","Organoleptic test","F/SILO: Normal","Pass","Characteristic","US EAS 67:2006 Annex A","No","2026-07-06","2026-10-03","all","all","all","2026-10-03T13:05:40.132Z","90","312","305","7","97.75641025641025","12.743030302469135"
"C26299-632","Truck · UBD 234D","Ghee","Lab tests","2026-09-30","Temperature, °C","F/SILO: 4.5","Pass","2.0 - 6.0","US EAS 67:2006 Annex A","No","2026-07-06","2026-10-03","all","all","all","2026-10-03T13:05:40.132Z","90","312","305","7","97.75641025641025","12.743030302469135"
"C26299-632","Truck · UBD 234D","Ghee","Lab tests","2026-09-30","10 Minutes Resazurin Test","F/SILO: 6","Pass","5.0 - 6.0","US EAS 67:2006 Annex A","No","2026-07-06","2026-10-03","all","all","all","2026-10-03T13:05:40.132Z","90","312","305","7","97.75641025641025","12.743030302469135"
"C26299-632","Truck · UBD 234D","Ghee","Lab tests","2026-09-30","pH","F/SILO: 6.71","Pass","6.6 - 6.8","US EAS 67:2019 Annex C","No","2026-07-06","2026-10-03","all","all","all","2026-10-03T13:05:40.132Z","90","312","305","7","97.75641025641025","12.743030302469135"
"C26299-633","Cooling Tanker","Flavored milk","Lab tests","2026-09-30","Organoleptic test","F/SILO: Normal","Pass","Characteristic","US EAS 67:2006 Annex A","No","2026-07-06","2026-10-03","all","all","all","2026-10-03T13:05:40.132Z","90","312","305","7","97.75641025641025","12.743030302469135"
"C26299-633","Cooling Tanker","Flavored milk","Lab tests","2026-09-30","Temperature, °C","F/SILO: 4.7","Pass","2.0 - 6.0","US EAS 67:2006 Annex A","No","2026-07-06","2026-10-03","all","all","all","2026-10-03T13:05:40.132Z","90","312","305","7","97.75641025641025","12.743030302469135"
"C26299-633","Cooling Tanker","Flavored milk","Lab tests","2026-09-30","10 Minutes Resazurin Test","F/SILO: 6","Pass","5.0 - 6.0","US EAS 67:2006 Annex A","No","2026-07-06","2026-10-03","all","all","all","2026-10-03T13:05:40.132Z","90","312","305","7","97.75641025641025","12.743030302469135"
"C26299-633","Cooling Tanker","Flavored milk","Lab tests","2026-09-30","pH","F/SILO: 6.9","Fail","6.6 - 6.8","US EAS 67:2019 Annex C","No","2026-07-06","2026-10-03","all","all","all","2026-10-03T13:05:40.132Z","90","312","305","7","97.75641025641025","12.743030302469135"
"C26299-634","Tanker","UHT","Lab tests","2026-09-30","Organoleptic test","F/SILO: Normal","Pass","Characteristic","US EAS 67:2006 Annex A","No","2026-07-06","2026-10-03","all","all","all","2026-10-03T13:05:40.132Z","90","312","305","7","97.75641025641025","12.743030302469135"
"C26299-634","Tanker","UHT","Lab tests","2026-09-30","Temperature, °C","F/SILO: 4.9","Pass","2.0 - 6.0","US EAS 67:2006 Annex A","No","2026-07-06","2026-10-03","all","all","all","2026-10-03T13:05:40.132Z","90","312","305","7","97.75641025641025","12.743030302469135"
"C26299-634","Tanker","UHT","Lab tests","2026-09-30","10 Minutes Resazurin Test","F/SILO: 6","Pass","5.0 - 6.0","US EAS 67:2006 Annex A","No","2026-07-06","2026-10-03","all","all","all","2026-10-03T13:05:40.132Z","90","312","305","7","97.75641025641025","12.743030302469135"
"C26299-634","Tanker","UHT","Lab tests","2026-09-30","pH","F/SILO: 6.75","Pass","6.6 - 6.8","US EAS 67:2019 Annex C","No","2026-07-06","2026-10-03","all","all","all","2026-10-03T13:05:40.132Z","90","312","305","7","97.75641025641025","12.743030302469135"
"C26299-636","Truck · UBQ 112X","Flavored milk","Lab tests","2026-09-29","Organoleptic test","F/SILO: Normal","Pass","Characteristic","US EAS 67:2006 Annex A","No","2026-07-06","2026-10-03","all","all","all","2026-10-03T13:05:40.132Z","90","312","305","7","97.75641025641025","12.743030302469135"
"C26299-636","Truck · UBQ 112X","Flavored milk","Lab tests","2026-09-29","Temperature, °C","F/SILO: 3.5","Pass","2.0 - 6.0","US EAS 67:2006 Annex A","No","2026-07-06","2026-10-03","all","all","all","2026-10-03T13:05:40.132Z","90","312","305","7","97.75641025641025","12.743030302469135"
"C26299-636","Truck · UBQ 112X","Flavored milk","Lab tests","2026-09-29","10 Minutes Resazurin Test","F/SILO: 6","Pass","5.0 - 6.0","US EAS 67:2006 Annex A","No","2026-07-06","2026-10-03","all","all","all","2026-10-03T13:05:40.132Z","90","312","305","7","97.75641025641025","12.743030302469135"
"C26299-636","Truck · UBQ 112X","Flavored milk","Lab tests","2026-09-29","pH","F/SILO: 6.61","Pass","6.6 - 6.8","US EAS 67:2019 Annex C","No","2026-07-06","2026-10-03","all","all","all","2026-10-03T13:05:40.132Z","90","312","305","7","97.75641025641025","12.743030302469135"
"C26299-637","Mixing Tank","UHT","Lab tests","2026-09-29","Organoleptic test","F/SILO: Normal","Pass","Characteristic","US EAS 67:2006 Annex A","No","2026-07-06","2026-10-03","all","all","all","2026-10-03T13:05:40.132Z","90","312","305","7","97.75641025641025","12.743030302469135"
"C26299-637","Mixing Tank","UHT","Lab tests","2026-09-29","Temperature, °C","F/SILO: 3.7","Pass","2.0 - 6.0","US EAS 67:2006 Annex A","No","2026-07-06","2026-10-03","all","all","all","2026-10-03T13:05:40.132Z","90","312","305","7","97.75641025641025","12.743030302469135"
"C26299-637","Mixing Tank","UHT","Lab tests","2026-09-29","10 Minutes Resazurin Test","F/SILO: 6","Pass","5.0 - 6.0","US EAS 67:2006 Annex A","No","2026-07-06","2026-10-03","all","all","all","2026-10-03T13:05:40.132Z","90","312","305","7","97.75641025641025","12.743030302469135"
"C26299-637","Mixing Tank","UHT","Lab tests","2026-09-29","pH","F/SILO: 6.63","Pass","6.6 - 6.8","US EAS 67:2019 Annex C","No","2026-07-06","2026-10-03","all","all","all","2026-10-03T13:05:40.132Z","90","312","305","7","97.75641025641025","12.743030302469135"
"C26299-638","Truck · UBB 456B","UHT","Lab tests","2026-09-29","Organoleptic test","F/SILO: Normal","Pass","Characteristic","US EAS 67:2006 Annex A","No","2026-07-06","2026-10-03","all","all","all","2026-10-03T13:05:40.132Z","90","312","305","7","97.75641025641025","12.743030302469135"
"C26299-638","Truck · UBB 456B","UHT","Lab tests","2026-09-29","Temperature, °C","F/SILO: 3.9","Pass","2.0 - 6.0","US EAS 67:2006 Annex A","No","2026-07-06","2026-10-03","all","all","all","2026-10-03T13:05:40.132Z","90","312","305","7","97.75641025641025","12.743030302469135"
"C26299-638","Truck · UBB 456B","UHT","Lab tests","2026-09-29","10 Minutes Resazurin Test","F/SILO: 6","Pass","5.0 - 6.0","US EAS 67:2006 Annex A","No","2026-07-06","2026-10-03","all","all","all","2026-10-03T13:05:40.132Z","90","312","305","7","97.75641025641025","12.743030302469135"
"C26299-638","Truck · UBB 456B","UHT","Lab tests","2026-09-29","pH","F/SILO: 6.65","Pass","6.6 - 6.8","US EAS 67:2019 Annex C","No","2026-07-06","2026-10-03","all","all","all","2026-10-03T13:05:40.132Z","90","312","305","7","97.75641025641025","12.743030302469135"
"C26299-639","Truck · UBC 789C","Flavored milk","Lab tests","2026-09-29","Organoleptic test","F/SILO: Normal","Pass","Characteristic","US EAS 67:2006 Annex A","No","2026-07-06","2026-10-03","all","all","all","2026-10-03T13:05:40.132Z","90","312","305","7","97.75641025641025","12.743030302469135"
"C26299-639","Truck · UBC 789C","Flavored milk","Lab tests","2026-09-29","Temperature, °C","F/SILO: 4.1","Pass","2.0 - 6.0","US EAS 67:2006 Annex A","No","2026-07-06","2026-10-03","all","all","all","2026-10-03T13:05:40.132Z","90","312","305","7","97.75641025641025","12.743030302469135"
"C26299-639","Truck · UBC 789C","Flavored milk","Lab tests","2026-09-29","10 Minutes Resazurin Test","F/SILO: 6","Pass","5.0 - 6.0","US EAS 67:2006 Annex A","No","2026-07-06","2026-10-03","all","all","all","2026-10-03T13:05:40.132Z","90","312","305","7","97.75641025641025","12.743030302469135"
"C26299-639","Truck · UBC 789C","Flavored milk","Lab tests","2026-09-29","pH","F/SILO: 6.67","Pass","6.6 - 6.8","US EAS 67:2019 Annex C","No","2026-07-06","2026-10-03","all","all","all","2026-10-03T13:05:40.132Z","90","312","305","7","97.75641025641025","12.743030302469135"
"C26299-640","Cooling Tanker","Flavored milk","Lab tests","2026-09-29","Organoleptic test","F/SILO: Normal","Pass","Characteristic","US EAS 67:2006 Annex A","No","2026-07-06","2026-10-03","all","all","all","2026-10-03T13:05:40.132Z","90","312","305","7","97.75641025641025","12.743030302469135"
"C26299-640","Cooling Tanker","Flavored milk","Lab tests","2026-09-29","Temperature, °C","F/SILO: 4.3","Pass","2.0 - 6.0","US EAS 67:2006 Annex A","No","2026-07-06","2026-10-03","all","all","all","2026-10-03T13:05:40.132Z","90","312","305","7","97.75641025641025","12.743030302469135"
"C26299-640","Cooling Tanker","Flavored milk","Lab tests","2026-09-29","10 Minutes Resazurin Test","F/SILO: 6","Pass","5.0 - 6.0","US EAS 67:2006 Annex A","No","2026-07-06","2026-10-03","all","all","all","2026-10-03T13:05:40.132Z","90","312","305","7","97.75641025641025","12.743030302469135"
"C26299-640","Cooling Tanker","Flavored milk","Lab tests","2026-09-29","pH","F/SILO: 6.69","Pass","6.6 - 6.8","US EAS 67:2019 Annex C","No","2026-07-06","2026-10-03","all","all","all","2026-10-03T13:05:40.132Z","90","312","305","7","97.75641025641025","12.743030302469135"
"C26299-641","Tanker","UHT","Lab tests","2026-09-29","Organoleptic test","F/SILO: Normal","Pass","Characteristic","US EAS 67:2006 Annex A","No","2026-07-06","2026-10-03","all","all","all","2026-10-03T13:05:40.132Z","90","312","305","7","97.75641025641025","12.743030302469135"
"C26299-641","Tanker","UHT","Lab tests","2026-09-29","Temperature, °C","F/SILO: 4.5","Pass","2.0 - 6.0","US EAS 67:2006 Annex A","No","2026-07-06","2026-10-03","all","all","all","2026-10-03T13:05:40.132Z","90","312","305","7","97.75641025641025","12.743030302469135"
"C26299-641","Tanker","UHT","Lab tests","2026-09-29","10 Minutes Resazurin Test","F/SILO: 6","Pass","5.0 - 6.0","US EAS 67:2006 Annex A","No","2026-07-06","2026-10-03","all","all","all","2026-10-03T13:05:40.132Z","90","312","305","7","97.75641025641025","12.743030302469135"
"C26299-641","Tanker","UHT","Lab tests","2026-09-29","pH","F/SILO: 6.71","Pass","6.6 - 6.8","US EAS 67:2019 Annex C","No","2026-07-06","2026-10-03","all","all","all","2026-10-03T13:05:40.132Z","90","312","305","7","97.75641025641025","12.743030302469135"
"C26299-642","Truck · UBD 234D","Ghee","Lab tests","2026-09-29","Organoleptic test","F/SILO: Normal","Unassessed","Characteristic","US EAS 67:2006 Annex A","No","2026-07-06","2026-10-03","all","all","all","2026-10-03T13:05:40.132Z","90","312","305","7","97.75641025641025","12.743030302469135"
"C26299-642","Truck · UBD 234D","Ghee","Lab tests","2026-09-29","Temperature, °C","F/SILO: 4.7","Unassessed","2.0 - 6.0","US EAS 67:2006 Annex A","No","2026-07-06","2026-10-03","all","all","all","2026-10-03T13:05:40.132Z","90","312","305","7","97.75641025641025","12.743030302469135"
"C26299-642","Truck · UBD 234D","Ghee","Lab tests","2026-09-29","10 Minutes Resazurin Test","F/SILO: 6","Unassessed","5.0 - 6.0","US EAS 67:2006 Annex A","No","2026-07-06","2026-10-03","all","all","all","2026-10-03T13:05:40.132Z","90","312","305","7","97.75641025641025","12.743030302469135"
"C26299-642","Truck · UBD 234D","Ghee","Lab tests","2026-09-29","pH","F/SILO: 6.73","Unassessed","6.6 - 6.8","US EAS 67:2019 Annex C","No","2026-07-06","2026-10-03","all","all","all","2026-10-03T13:05:40.132Z","90","312","305","7","97.75641025641025","12.743030302469135"
"C26299-643","Truck · UBA 123A","Flavored milk","Lab tests","2026-09-28","Organoleptic test","F/SILO: Normal","Pass","Characteristic","US EAS 67:2006 Annex A","No","2026-07-06","2026-10-03","all","all","all","2026-10-03T13:05:40.132Z","90","312","305","7","97.75641025641025","12.743030302469135"
"C26299-643","Truck · UBA 123A","Flavored milk","Lab tests","2026-09-28","Temperature, °C","F/SILO: 4.9","Pass","2.0 - 6.0","US EAS 67:2006 Annex A","No","2026-07-06","2026-10-03","all","all","all","2026-10-03T13:05:40.132Z","90","312","305","7","97.75641025641025","12.743030302469135"
"C26299-643","Truck · UBA 123A","Flavored milk","Lab tests","2026-09-28","10 Minutes Resazurin Test","F/SILO: 6","Pass","5.0 - 6.0","US EAS 67:2006 Annex A","No","2026-07-06","2026-10-03","all","all","all","2026-10-03T13:05:40.132Z","90","312","305","7","97.75641025641025","12.743030302469135"
"C26299-643","Truck · UBA 123A","Flavored milk","Lab tests","2026-09-28","pH","F/SILO: 6.75","Pass","6.6 - 6.8","US EAS 67:2019 Annex C","No","2026-07-06","2026-10-03","all","all","all","2026-10-03T13:05:40.132Z","90","312","305","7","97.75641025641025","12.743030302469135"
"C26299-644","Mixing Tank","UHT","Lab tests","2026-09-28","Organoleptic test","F/SILO: Normal","Pass","Characteristic","US EAS 67:2006 Annex A","No","2026-07-06","2026-10-03","all","all","all","2026-10-03T13:05:40.132Z","90","312","305","7","97.75641025641025","12.743030302469135"
"C26299-644","Mixing Tank","UHT","Lab tests","2026-09-28","Temperature, °C","F/SILO: 5.1","Pass","2.0 - 6.0","US EAS 67:2006 Annex A","No","2026-07-06","2026-10-03","all","all","all","2026-10-03T13:05:40.132Z","90","312","305","7","97.75641025641025","12.743030302469135"
"C26299-644","Mixing Tank","UHT","Lab tests","2026-09-28","10 Minutes Resazurin Test","F/SILO: 6","Pass","5.0 - 6.0","US EAS 67:2006 Annex A","No","2026-07-06","2026-10-03","all","all","all","2026-10-03T13:05:40.132Z","90","312","305","7","97.75641025641025","12.743030302469135"
"C26299-644","Mixing Tank","UHT","Lab tests","2026-09-28","pH","F/SILO: 6.9","Fail","6.6 - 6.8","US EAS 67:2019 Annex C","No","2026-07-06","2026-10-03","all","all","all","2026-10-03T13:05:40.132Z","90","312","305","7","97.75641025641025","12.743030302469135"
"C26299-653","Mixing Tank","Ghee","Lab tests","2026-09-28","Organoleptic test","F/SILO: Normal","Pass","Characteristic","US EAS 67:2006 Annex A","No","2026-07-06","2026-10-03","all","all","all","2026-10-03T13:05:40.132Z","90","312","305","7","97.75641025641025","12.743030302469135"
"C26299-653","Mixing Tank","Ghee","Lab tests","2026-09-28","Temperature, °C","F/SILO: 5.1","Pass","2.0 - 6.0","US EAS 67:2006 Annex A","No","2026-07-06","2026-10-03","all","all","all","2026-10-03T13:05:40.132Z","90","312","305","7","97.75641025641025","12.743030302469135"
"C26299-653","Mixing Tank","Ghee","Lab tests","2026-09-28","10 Minutes Resazurin Test","F/SILO: 6","Pass","5.0 - 6.0","US EAS 67:2006 Annex A","No","2026-07-06","2026-10-03","all","all","all","2026-10-03T13:05:40.132Z","90","312","305","7","97.75641025641025","12.743030302469135"
"C26299-653","Mixing Tank","Ghee","Lab tests","2026-09-28","pH","F/SILO: 6.77","Pass","6.6 - 6.8","US EAS 67:2019 Annex C","No","2026-07-06","2026-10-03","all","all","all","2026-10-03T13:05:40.132Z","90","312","305","7","97.75641025641025","12.743030302469135"
"C26299-645","Truck · UBQ 112X","UHT","Lab tests","2026-09-27","Organoleptic test","F/SILO: Normal","Pass","Characteristic","US EAS 67:2006 Annex A","No","2026-07-06","2026-10-03","all","all","all","2026-10-03T13:05:40.132Z","90","312","305","7","97.75641025641025","12.743030302469135"
"C26299-645","Truck · UBQ 112X","UHT","Lab tests","2026-09-27","Temperature, °C","F/SILO: 3.5","Pass","2.0 - 6.0","US EAS 67:2006 Annex A","No","2026-07-06","2026-10-03","all","all","all","2026-10-03T13:05:40.132Z","90","312","305","7","97.75641025641025","12.743030302469135"
"C26299-645","Truck · UBQ 112X","UHT","Lab tests","2026-09-27","10 Minutes Resazurin Test","F/SILO: 6","Pass","5.0 - 6.0","US EAS 67:2006 Annex A","No","2026-07-06","2026-10-03","all","all","all","2026-10-03T13:05:40.132Z","90","312","305","7","97.75641025641025","12.743030302469135"
"C26299-645","Truck · UBQ 112X","UHT","Lab tests","2026-09-27","pH","F/SILO: 6.61","Pass","6.6 - 6.8","US EAS 67:2019 Annex C","No","2026-07-06","2026-10-03","all","all","all","2026-10-03T13:05:40.132Z","90","312","305","7","97.75641025641025","12.743030302469135"
"C26299-646","Truck · UBB 456B","Ghee","Lab tests","2026-09-27","Organoleptic test","F/SILO: Normal","Pass","Characteristic","US EAS 67:2006 Annex A","No","2026-07-06","2026-10-03","all","all","all","2026-10-03T13:05:40.132Z","90","312","305","7","97.75641025641025","12.743030302469135"
"C26299-646","Truck · UBB 456B","Ghee","Lab tests","2026-09-27","Temperature, °C","F/SILO: 3.7","Pass","2.0 - 6.0","US EAS 67:2006 Annex A","No","2026-07-06","2026-10-03","all","all","all","2026-10-03T13:05:40.132Z","90","312","305","7","97.75641025641025","12.743030302469135"
"C26299-646","Truck · UBB 456B","Ghee","Lab tests","2026-09-27","10 Minutes Resazurin Test","F/SILO: 6","Pass","5.0 - 6.0","US EAS 67:2006 Annex A","No","2026-07-06","2026-10-03","all","all","all","2026-10-03T13:05:40.132Z","90","312","305","7","97.75641025641025","12.743030302469135"
"C26299-646","Truck · UBB 456B","Ghee","Lab tests","2026-09-27","pH","F/SILO: 6.63","Pass","6.6 - 6.8","US EAS 67:2019 Annex C","No","2026-07-06","2026-10-03","all","all","all","2026-10-03T13:05:40.132Z","90","312","305","7","97.75641025641025","12.743030302469135"
"C26299-647","Tanker","Flavored milk","Lab tests","2026-09-27","Organoleptic test","F/SILO: Normal","Pass","Characteristic","US EAS 67:2006 Annex A","No","2026-07-06","2026-10-03","all","all","all","2026-10-03T13:05:40.132Z","90","312","305","7","97.75641025641025","12.743030302469135"
"C26299-647","Tanker","Flavored milk","Lab tests","2026-09-27","Temperature, °C","F/SILO: 3.9","Pass","2.0 - 6.0","US EAS 67:2006 Annex A","No","2026-07-06","2026-10-03","all","all","all","2026-10-03T13:05:40.132Z","90","312","305","7","97.75641025641025","12.743030302469135"
"C26299-647","Tanker","Flavored milk","Lab tests","2026-09-27","10 Minutes Resazurin Test","F/SILO: 6","Pass","5.0 - 6.0","US EAS 67:2006 Annex A","No","2026-07-06","2026-10-03","all","all","all","2026-10-03T13:05:40.132Z","90","312","305","7","97.75641025641025","12.743030302469135"
"C26299-647","Tanker","Flavored milk","Lab tests","2026-09-27","pH","F/SILO: 6.65","Pass","6.6 - 6.8","US EAS 67:2019 Annex C","No","2026-07-06","2026-10-03","all","all","all","2026-10-03T13:05:40.132Z","90","312","305","7","97.75641025641025","12.743030302469135"
"C26299-650","Truck · UBQ 112X","Flavored milk","Lab tests","2026-09-27","Organoleptic test","F/SILO: Normal","Pass","Characteristic","US EAS 67:2006 Annex A","No","2026-07-06","2026-10-03","all","all","all","2026-10-03T13:05:40.132Z","90","312","305","7","97.75641025641025","12.743030302469135"
"C26299-650","Truck · UBQ 112X","Flavored milk","Lab tests","2026-09-27","Temperature, °C","F/SILO: 4.5","Pass","2.0 - 6.0","US EAS 67:2006 Annex A","No","2026-07-06","2026-10-03","all","all","all","2026-10-03T13:05:40.132Z","90","312","305","7","97.75641025641025","12.743030302469135"
"C26299-650","Truck · UBQ 112X","Flavored milk","Lab tests","2026-09-27","10 Minutes Resazurin Test","F/SILO: 6","Pass","5.0 - 6.0","US EAS 67:2006 Annex A","No","2026-07-06","2026-10-03","all","all","all","2026-10-03T13:05:40.132Z","90","312","305","7","97.75641025641025","12.743030302469135"
"C26299-650","Truck · UBQ 112X","Flavored milk","Lab tests","2026-09-27","pH","F/SILO: 6.71","Pass","6.6 - 6.8","US EAS 67:2019 Annex C","No","2026-07-06","2026-10-03","all","all","all","2026-10-03T13:05:40.132Z","90","312","305","7","97.75641025641025","12.743030302469135"
"C26299-651","Tanker","UHT","Lab tests","2026-09-27","Organoleptic test","F/SILO: Normal","Pass","Characteristic","US EAS 67:2006 Annex A","No","2026-07-06","2026-10-03","all","all","all","2026-10-03T13:05:40.132Z","90","312","305","7","97.75641025641025","12.743030302469135"
"C26299-651","Tanker","UHT","Lab tests","2026-09-27","Temperature, °C","F/SILO: 4.7","Pass","2.0 - 6.0","US EAS 67:2006 Annex A","No","2026-07-06","2026-10-03","all","all","all","2026-10-03T13:05:40.132Z","90","312","305","7","97.75641025641025","12.743030302469135"
"C26299-651","Tanker","UHT","Lab tests","2026-09-27","10 Minutes Resazurin Test","F/SILO: 6","Pass","5.0 - 6.0","US EAS 67:2006 Annex A","No","2026-07-06","2026-10-03","all","all","all","2026-10-03T13:05:40.132Z","90","312","305","7","97.75641025641025","12.743030302469135"
"C26299-651","Tanker","UHT","Lab tests","2026-09-27","pH","F/SILO: 6.73","Pass","6.6 - 6.8","US EAS 67:2019 Annex C","No","2026-07-06","2026-10-03","all","all","all","2026-10-03T13:05:40.132Z","90","312","305","7","97.75641025641025","12.743030302469135"
"C26299-652","Cooling Tanker","UHT","Lab tests","2026-09-26","Organoleptic test","F/SILO: Normal","Pass","Characteristic","US EAS 67:2006 Annex A","No","2026-07-06","2026-10-03","all","all","all","2026-10-03T13:05:40.132Z","90","312","305","7","97.75641025641025","12.743030302469135"
"C26299-652","Cooling Tanker","UHT","Lab tests","2026-09-26","Temperature, °C","F/SILO: 4.9","Pass","2.0 - 6.0","US EAS 67:2006 Annex A","No","2026-07-06","2026-10-03","all","all","all","2026-10-03T13:05:40.132Z","90","312","305","7","97.75641025641025","12.743030302469135"
"C26299-652","Cooling Tanker","UHT","Lab tests","2026-09-26","10 Minutes Resazurin Test","F/SILO: 6","Pass","5.0 - 6.0","US EAS 67:2006 Annex A","No","2026-07-06","2026-10-03","all","all","all","2026-10-03T13:05:40.132Z","90","312","305","7","97.75641025641025","12.743030302469135"
"C26299-652","Cooling Tanker","UHT","Lab tests","2026-09-26","pH","F/SILO: 6.75","Pass","6.6 - 6.8","US EAS 67:2019 Annex C","No","2026-07-06","2026-10-03","all","all","all","2026-10-03T13:05:40.132Z","90","312","305","7","97.75641025641025","12.743030302469135"
"C26299-654","Truck · UBB 456B","Flavored milk","Lab tests","2026-09-26","Organoleptic test","F/SILO: Normal","Pass","Characteristic","US EAS 67:2006 Annex A","No","2026-07-06","2026-10-03","all","all","all","2026-10-03T13:05:40.132Z","90","312","305","7","97.75641025641025","12.743030302469135"
"C26299-654","Truck · UBB 456B","Flavored milk","Lab tests","2026-09-26","Temperature, °C","F/SILO: 3.5","Pass","2.0 - 6.0","US EAS 67:2006 Annex A","No","2026-07-06","2026-10-03","all","all","all","2026-10-03T13:05:40.132Z","90","312","305","7","97.75641025641025","12.743030302469135"
"C26299-654","Truck · UBB 456B","Flavored milk","Lab tests","2026-09-26","10 Minutes Resazurin Test","F/SILO: 6","Pass","5.0 - 6.0","US EAS 67:2006 Annex A","No","2026-07-06","2026-10-03","all","all","all","2026-10-03T13:05:40.132Z","90","312","305","7","97.75641025641025","12.743030302469135"
"C26299-654","Truck · UBB 456B","Flavored milk","Lab tests","2026-09-26","pH","F/SILO: 6.61","Pass","6.6 - 6.8","US EAS 67:2019 Annex C","No","2026-07-06","2026-10-03","all","all","all","2026-10-03T13:05:40.132Z","90","312","305","7","97.75641025641025","12.743030302469135"
"C26299-655","Truck · UBC 789C","UHT","Lab tests","2026-09-26","Organoleptic test","F/SILO: Normal","Pass","Characteristic","US EAS 67:2006 Annex A","No","2026-07-06","2026-10-03","all","all","all","2026-10-03T13:05:40.132Z","90","312","305","7","97.75641025641025","12.743030302469135"
"C26299-655","Truck · UBC 789C","UHT","Lab tests","2026-09-26","Temperature, °C","F/SILO: 3.7","Pass","2.0 - 6.0","US EAS 67:2006 Annex A","No","2026-07-06","2026-10-03","all","all","all","2026-10-03T13:05:40.132Z","90","312","305","7","97.75641025641025","12.743030302469135"
"C26299-655","Truck · UBC 789C","UHT","Lab tests","2026-09-26","10 Minutes Resazurin Test","F/SILO: 6","Pass","5.0 - 6.0","US EAS 67:2006 Annex A","No","2026-07-06","2026-10-03","all","all","all","2026-10-03T13:05:40.132Z","90","312","305","7","97.75641025641025","12.743030302469135"
"C26299-655","Truck · UBC 789C","UHT","Lab tests","2026-09-26","pH","F/SILO: 6.9","Fail","6.6 - 6.8","US EAS 67:2019 Annex C","No","2026-07-06","2026-10-03","all","all","all","2026-10-03T13:05:40.132Z","90","312","305","7","97.75641025641025","12.743030302469135"
"C26299-656","Truck · UBD 234D","Ghee","Lab tests","2026-09-26","Organoleptic test","F/SILO: Normal","Unassessed","Characteristic","US EAS 67:2006 Annex A","No","2026-07-06","2026-10-03","all","all","all","2026-10-03T13:05:40.132Z","90","312","305","7","97.75641025641025","12.743030302469135"
"C26299-656","Truck · UBD 234D","Ghee","Lab tests","2026-09-26","Temperature, °C","F/SILO: 3.9","Unassessed","2.0 - 6.0","US EAS 67:2006 Annex A","No","2026-07-06","2026-10-03","all","all","all","2026-10-03T13:05:40.132Z","90","312","305","7","97.75641025641025","12.743030302469135"
"C26299-656","Truck · UBD 234D","Ghee","Lab tests","2026-09-26","10 Minutes Resazurin Test","F/SILO: 6","Unassessed","5.0 - 6.0","US EAS 67:2006 Annex A","No","2026-07-06","2026-10-03","all","all","all","2026-10-03T13:05:40.132Z","90","312","305","7","97.75641025641025","12.743030302469135"
"C26299-656","Truck · UBD 234D","Ghee","Lab tests","2026-09-26","pH","F/SILO: 6.65","Unassessed","6.6 - 6.8","US EAS 67:2019 Annex C","No","2026-07-06","2026-10-03","all","all","all","2026-10-03T13:05:40.132Z","90","312","305","7","97.75641025641025","12.743030302469135"
"C26299-657","Cooling Tanker","Flavored milk","Lab tests","2026-09-26","Organoleptic test","F/SILO: Normal","Pass","Characteristic","US EAS 67:2006 Annex A","No","2026-07-06","2026-10-03","all","all","all","2026-10-03T13:05:40.132Z","90","312","305","7","97.75641025641025","12.743030302469135"
"C26299-657","Cooling Tanker","Flavored milk","Lab tests","2026-09-26","Temperature, °C","F/SILO: 4.1","Pass","2.0 - 6.0","US EAS 67:2006 Annex A","No","2026-07-06","2026-10-03","all","all","all","2026-10-03T13:05:40.132Z","90","312","305","7","97.75641025641025","12.743030302469135"
"C26299-657","Cooling Tanker","Flavored milk","Lab tests","2026-09-26","10 Minutes Resazurin Test","F/SILO: 6","Pass","5.0 - 6.0","US EAS 67:2006 Annex A","No","2026-07-06","2026-10-03","all","all","all","2026-10-03T13:05:40.132Z","90","312","305","7","97.75641025641025","12.743030302469135"
"C26299-657","Cooling Tanker","Flavored milk","Lab tests","2026-09-26","pH","F/SILO: 6.67","Pass","6.6 - 6.8","US EAS 67:2019 Annex C","No","2026-07-06","2026-10-03","all","all","all","2026-10-03T13:05:40.132Z","90","312","305","7","97.75641025641025","12.743030302469135"
"C26299-658","Tanker","UHT","Lab tests","2026-09-26","Organoleptic test","F/SILO: Normal","Pass","Characteristic","US EAS 67:2006 Annex A","No","2026-07-06","2026-10-03","all","all","all","2026-10-03T13:05:40.132Z","90","312","305","7","97.75641025641025","12.743030302469135"
"C26299-658","Tanker","UHT","Lab tests","2026-09-26","Temperature, °C","F/SILO: 4.3","Pass","2.0 - 6.0","US EAS 67:2006 Annex A","No","2026-07-06","2026-10-03","all","all","all","2026-10-03T13:05:40.132Z","90","312","305","7","97.75641025641025","12.743030302469135"
"C26299-658","Tanker","UHT","Lab tests","2026-09-26","10 Minutes Resazurin Test","F/SILO: 6","Pass","5.0 - 6.0","US EAS 67:2006 Annex A","No","2026-07-06","2026-10-03","all","all","all","2026-10-03T13:05:40.132Z","90","312","305","7","97.75641025641025","12.743030302469135"
"C26299-658","Tanker","UHT","Lab tests","2026-09-26","pH","F/SILO: 6.69","Pass","6.6 - 6.8","US EAS 67:2019 Annex C","No","2026-07-06","2026-10-03","all","all","all","2026-10-03T13:05:40.132Z","90","312","305","7","97.75641025641025","12.743030302469135"
"C26299-659","Truck · UBA 123A","UHT","Lab tests","2026-09-26","Organoleptic test","F/SILO: Normal","Pass","Characteristic","US EAS 67:2006 Annex A","No","2026-07-06","2026-10-03","all","all","all","2026-10-03T13:05:40.132Z","90","312","305","7","97.75641025641025","12.743030302469135"
"C26299-659","Truck · UBA 123A","UHT","Lab tests","2026-09-26","Temperature, °C","F/SILO: 4.5","Pass","2.0 - 6.0","US EAS 67:2006 Annex A","No","2026-07-06","2026-10-03","all","all","all","2026-10-03T13:05:40.132Z","90","312","305","7","97.75641025641025","12.743030302469135"
"C26299-659","Truck · UBA 123A","UHT","Lab tests","2026-09-26","10 Minutes Resazurin Test","F/SILO: 6","Pass","5.0 - 6.0","US EAS 67:2006 Annex A","No","2026-07-06","2026-10-03","all","all","all","2026-10-03T13:05:40.132Z","90","312","305","7","97.75641025641025","12.743030302469135"
"C26299-659","Truck · UBA 123A","UHT","Lab tests","2026-09-26","pH","F/SILO: 6.71","Pass","6.6 - 6.8","US EAS 67:2019 Annex C","No","2026-07-06","2026-10-03","all","all","all","2026-10-03T13:05:40.132Z","90","312","305","7","97.75641025641025","12.743030302469135"
"C26299-660","Truck · UBQ 112X","Ghee","Lab tests","2026-09-26","Organoleptic test","F/SILO: Normal","Pass","Characteristic","US EAS 67:2006 Annex A","No","2026-07-06","2026-10-03","all","all","all","2026-10-03T13:05:40.132Z","90","312","305","7","97.75641025641025","12.743030302469135"
"C26299-660","Truck · UBQ 112X","Ghee","Lab tests","2026-09-26","Temperature, °C","F/SILO: 4.7","Pass","2.0 - 6.0","US EAS 67:2006 Annex A","No","2026-07-06","2026-10-03","all","all","all","2026-10-03T13:05:40.132Z","90","312","305","7","97.75641025641025","12.743030302469135"
"C26299-660","Truck · UBQ 112X","Ghee","Lab tests","2026-09-26","10 Minutes Resazurin Test","F/SILO: 6","Pass","5.0 - 6.0","US EAS 67:2006 Annex A","No","2026-07-06","2026-10-03","all","all","all","2026-10-03T13:05:40.132Z","90","312","305","7","97.75641025641025","12.743030302469135"
"C26299-660","Truck · UBQ 112X","Ghee","Lab tests","2026-09-26","pH","F/SILO: 6.73","Pass","6.6 - 6.8","US EAS 67:2019 Annex C","No","2026-07-06","2026-10-03","all","all","all","2026-10-03T13:05:40.132Z","90","312","305","7","97.75641025641025","12.743030302469135"
"C26299-661","Mixing Tank","Flavored milk","Lab tests","2026-09-26","Organoleptic test","F/SILO: Normal","Pass","Characteristic","US EAS 67:2006 Annex A","No","2026-07-06","2026-10-03","all","all","all","2026-10-03T13:05:40.132Z","90","312","305","7","97.75641025641025","12.743030302469135"
"C26299-661","Mixing Tank","Flavored milk","Lab tests","2026-09-26","Temperature, °C","F/SILO: 4.9","Pass","2.0 - 6.0","US EAS 67:2006 Annex A","No","2026-07-06","2026-10-03","all","all","all","2026-10-03T13:05:40.132Z","90","312","305","7","97.75641025641025","12.743030302469135"
"C26299-661","Mixing Tank","Flavored milk","Lab tests","2026-09-26","10 Minutes Resazurin Test","F/SILO: 6","Pass","5.0 - 6.0","US EAS 67:2006 Annex A","No","2026-07-06","2026-10-03","all","all","all","2026-10-03T13:05:40.132Z","90","312","305","7","97.75641025641025","12.743030302469135"
"C26299-661","Mixing Tank","Flavored milk","Lab tests","2026-09-26","pH","F/SILO: 6.75","Pass","6.6 - 6.8","US EAS 67:2019 Annex C","No","2026-07-06","2026-10-03","all","all","all","2026-10-03T13:05:40.132Z","90","312","305","7","97.75641025641025","12.743030302469135"
"C26299-662","Truck · UBB 456B","UHT","Lab tests","2026-09-26","Organoleptic test","F/SILO: Normal","Pass","Characteristic","US EAS 67:2006 Annex A","No","2026-07-06","2026-10-03","all","all","all","2026-10-03T13:05:40.132Z","90","312","305","7","97.75641025641025","12.743030302469135"
"C26299-662","Truck · UBB 456B","UHT","Lab tests","2026-09-26","Temperature, °C","F/SILO: 5.1","Pass","2.0 - 6.0","US EAS 67:2006 Annex A","No","2026-07-06","2026-10-03","all","all","all","2026-10-03T13:05:40.132Z","90","312","305","7","97.75641025641025","12.743030302469135"
"C26299-662","Truck · UBB 456B","UHT","Lab tests","2026-09-26","10 Minutes Resazurin Test","F/SILO: 6","Pass","5.0 - 6.0","US EAS 67:2006 Annex A","No","2026-07-06","2026-10-03","all","all","all","2026-10-03T13:05:40.132Z","90","312","305","7","97.75641025641025","12.743030302469135"
"C26299-662","Truck · UBB 456B","UHT","Lab tests","2026-09-26","pH","F/SILO: 6.77","Pass","6.6 - 6.8","US EAS 67:2019 Annex C","No","2026-07-06","2026-10-03","all","all","all","2026-10-03T13:05:40.132Z","90","312","305","7","97.75641025641025","12.743030302469135"
"C26299-667","Truck · UBA 123A","Ghee","Lab tests","2026-09-25","Organoleptic test","F/SILO: Normal","Pass","Characteristic","US EAS 67:2006 Annex A","No","2026-07-06","2026-10-03","all","all","all","2026-10-03T13:05:40.132Z","90","312","305","7","97.75641025641025","12.743030302469135"
"C26299-667","Truck · UBA 123A","Ghee","Lab tests","2026-09-25","Temperature, °C","F/SILO: 4.3","Pass","2.0 - 6.0","US EAS 67:2006 Annex A","No","2026-07-06","2026-10-03","all","all","all","2026-10-03T13:05:40.132Z","90","312","305","7","97.75641025641025","12.743030302469135"
"C26299-667","Truck · UBA 123A","Ghee","Lab tests","2026-09-25","10 Minutes Resazurin Test","F/SILO: 6","Pass","5.0 - 6.0","US EAS 67:2006 Annex A","No","2026-07-06","2026-10-03","all","all","all","2026-10-03T13:05:40.132Z","90","312","305","7","97.75641025641025","12.743030302469135"
"C26299-667","Truck · UBA 123A","Ghee","Lab tests","2026-09-25","pH","F/SILO: 6.69","Pass","6.6 - 6.8","US EAS 67:2019 Annex C","No","2026-07-06","2026-10-03","all","all","all","2026-10-03T13:05:40.132Z","90","312","305","7","97.75641025641025","12.743030302469135"
"C26299-663","Truck · UBC 789C","UHT","Lab tests","2026-09-24","Organoleptic test","F/SILO: Normal","Unassessed","Characteristic","US EAS 67:2006 Annex A","No","2026-07-06","2026-10-03","all","all","all","2026-10-03T13:05:40.132Z","90","312","305","7","97.75641025641025","12.743030302469135"
"C26299-663","Truck · UBC 789C","UHT","Lab tests","2026-09-24","Temperature, °C","F/SILO: 3.5","Unassessed","2.0 - 6.0","US EAS 67:2006 Annex A","No","2026-07-06","2026-10-03","all","all","all","2026-10-03T13:05:40.132Z","90","312","305","7","97.75641025641025","12.743030302469135"
"C26299-663","Truck · UBC 789C","UHT","Lab tests","2026-09-24","10 Minutes Resazurin Test","F/SILO: 6","Unassessed","5.0 - 6.0","US EAS 67:2006 Annex A","No","2026-07-06","2026-10-03","all","all","all","2026-10-03T13:05:40.132Z","90","312","305","7","97.75641025641025","12.743030302469135"
"C26299-663","Truck · UBC 789C","UHT","Lab tests","2026-09-24","pH","F/SILO: 6.61","Unassessed","6.6 - 6.8","US EAS 67:2019 Annex C","No","2026-07-06","2026-10-03","all","all","all","2026-10-03T13:05:40.132Z","90","312","305","7","97.75641025641025","12.743030302469135"
"C26299-664","Cooling Tanker","Flavored milk","Lab tests","2026-09-24","Organoleptic test","F/SILO: Normal","Pass","Characteristic","US EAS 67:2006 Annex A","No","2026-07-06","2026-10-03","all","all","all","2026-10-03T13:05:40.132Z","90","312","305","7","97.75641025641025","12.743030302469135"
"C26299-664","Cooling Tanker","Flavored milk","Lab tests","2026-09-24","Temperature, °C","F/SILO: 3.7","Pass","2.0 - 6.0","US EAS 67:2006 Annex A","No","2026-07-06","2026-10-03","all","all","all","2026-10-03T13:05:40.132Z","90","312","305","7","97.75641025641025","12.743030302469135"
"C26299-664","Cooling Tanker","Flavored milk","Lab tests","2026-09-24","10 Minutes Resazurin Test","F/SILO: 6","Pass","5.0 - 6.0","US EAS 67:2006 Annex A","No","2026-07-06","2026-10-03","all","all","all","2026-10-03T13:05:40.132Z","90","312","305","7","97.75641025641025","12.743030302469135"
"C26299-664","Cooling Tanker","Flavored milk","Lab tests","2026-09-24","pH","F/SILO: 6.63","Pass","6.6 - 6.8","US EAS 67:2019 Annex C","No","2026-07-06","2026-10-03","all","all","all","2026-10-03T13:05:40.132Z","90","312","305","7","97.75641025641025","12.743030302469135"
"C26299-665","Tanker","UHT","Lab tests","2026-09-24","Organoleptic test","F/SILO: Normal","Pass","Characteristic","US EAS 67:2006 Annex A","No","2026-07-06","2026-10-03","all","all","all","2026-10-03T13:05:40.132Z","90","312","305","7","97.75641025641025","12.743030302469135"
"C26299-665","Tanker","UHT","Lab tests","2026-09-24","Temperature, °C","F/SILO: 3.9","Pass","2.0 - 6.0","US EAS 67:2006 Annex A","No","2026-07-06","2026-10-03","all","all","all","2026-10-03T13:05:40.132Z","90","312","305","7","97.75641025641025","12.743030302469135"
"C26299-665","Tanker","UHT","Lab tests","2026-09-24","10 Minutes Resazurin Test","F/SILO: 6","Pass","5.0 - 6.0","US EAS 67:2006 Annex A","No","2026-07-06","2026-10-03","all","all","all","2026-10-03T13:05:40.132Z","90","312","305","7","97.75641025641025","12.743030302469135"
"C26299-665","Tanker","UHT","Lab tests","2026-09-24","pH","F/SILO: 6.65","Pass","6.6 - 6.8","US EAS 67:2019 Annex C","No","2026-07-06","2026-10-03","all","all","all","2026-10-03T13:05:40.132Z","90","312","305","7","97.75641025641025","12.743030302469135"
"C26299-666","Truck · UBD 234D","UHT","Lab tests","2026-09-24","Organoleptic test","F/SILO: Normal","Pass","Characteristic","US EAS 67:2006 Annex A","No","2026-07-06","2026-10-03","all","all","all","2026-10-03T13:05:40.132Z","90","312","305","7","97.75641025641025","12.743030302469135"
"C26299-666","Truck · UBD 234D","UHT","Lab tests","2026-09-24","Temperature, °C","F/SILO: 4.1","Pass","2.0 - 6.0","US EAS 67:2006 Annex A","No","2026-07-06","2026-10-03","all","all","all","2026-10-03T13:05:40.132Z","90","312","305","7","97.75641025641025","12.743030302469135"
"C26299-666","Truck · UBD 234D","UHT","Lab tests","2026-09-24","10 Minutes Resazurin Test","F/SILO: 6","Pass","5.0 - 6.0","US EAS 67:2006 Annex A","No","2026-07-06","2026-10-03","all","all","all","2026-10-03T13:05:40.132Z","90","312","305","7","97.75641025641025","12.743030302469135"
"C26299-666","Truck · UBD 234D","UHT","Lab tests","2026-09-24","pH","F/SILO: 6.9","Fail","6.6 - 6.8","US EAS 67:2019 Annex C","No","2026-07-06","2026-10-03","all","all","all","2026-10-03T13:05:40.132Z","90","312","305","7","97.75641025641025","12.743030302469135"
"C26299-668","Mixing Tank","Flavored milk","Lab tests","2026-09-24","Organoleptic test","F/SILO: Normal","Pass","Characteristic","US EAS 67:2006 Annex A","No","2026-07-06","2026-10-03","all","all","all","2026-10-03T13:05:40.132Z","90","312","305","7","97.75641025641025","12.743030302469135"
"C26299-668","Mixing Tank","Flavored milk","Lab tests","2026-09-24","Temperature, °C","F/SILO: 4.5","Pass","2.0 - 6.0","US EAS 67:2006 Annex A","No","2026-07-06","2026-10-03","all","all","all","2026-10-03T13:05:40.132Z","90","312","305","7","97.75641025641025","12.743030302469135"
"C26299-668","Mixing Tank","Flavored milk","Lab tests","2026-09-24","10 Minutes Resazurin Test","F/SILO: 6","Pass","5.0 - 6.0","US EAS 67:2006 Annex A","No","2026-07-06","2026-10-03","all","all","all","2026-10-03T13:05:40.132Z","90","312","305","7","97.75641025641025","12.743030302469135"
"C26299-668","Mixing Tank","Flavored milk","Lab tests","2026-09-24","pH","F/SILO: 6.71","Pass","6.6 - 6.8","US EAS 67:2019 Annex C","No","2026-07-06","2026-10-03","all","all","all","2026-10-03T13:05:40.132Z","90","312","305","7","97.75641025641025","12.743030302469135"
"C26299-669","Truck · UBQ 112X","UHT","Lab tests","2026-09-24","Organoleptic test","F/SILO: Normal","Pass","Characteristic","US EAS 67:2006 Annex A","No","2026-07-06","2026-10-03","all","all","all","2026-10-03T13:05:40.132Z","90","312","305","7","97.75641025641025","12.743030302469135"
"C26299-669","Truck · UBQ 112X","UHT","Lab tests","2026-09-24","Temperature, °C","F/SILO: 4.7","Pass","2.0 - 6.0","US EAS 67:2006 Annex A","No","2026-07-06","2026-10-03","all","all","all","2026-10-03T13:05:40.132Z","90","312","305","7","97.75641025641025","12.743030302469135"
"C26299-669","Truck · UBQ 112X","UHT","Lab tests","2026-09-24","10 Minutes Resazurin Test","F/SILO: 6","Pass","5.0 - 6.0","US EAS 67:2006 Annex A","No","2026-07-06","2026-10-03","all","all","all","2026-10-03T13:05:40.132Z","90","312","305","7","97.75641025641025","12.743030302469135"
"C26299-669","Truck · UBQ 112X","UHT","Lab tests","2026-09-24","pH","F/SILO: 6.73","Pass","6.6 - 6.8","US EAS 67:2019 Annex C","No","2026-07-06","2026-10-03","all","all","all","2026-10-03T13:05:40.132Z","90","312","305","7","97.75641025641025","12.743030302469135"
"C26299-670","Truck · UBB 456B","UHT","Lab tests","2026-09-24","Organoleptic test","F/SILO: Normal","Unassessed","Characteristic","US EAS 67:2006 Annex A","No","2026-07-06","2026-10-03","all","all","all","2026-10-03T13:05:40.132Z","90","312","305","7","97.75641025641025","12.743030302469135"
"C26299-670","Truck · UBB 456B","UHT","Lab tests","2026-09-24","Temperature, °C","F/SILO: 4.9","Unassessed","2.0 - 6.0","US EAS 67:2006 Annex A","No","2026-07-06","2026-10-03","all","all","all","2026-10-03T13:05:40.132Z","90","312","305","7","97.75641025641025","12.743030302469135"
"C26299-670","Truck · UBB 456B","UHT","Lab tests","2026-09-24","10 Minutes Resazurin Test","F/SILO: 6","Unassessed","5.0 - 6.0","US EAS 67:2006 Annex A","No","2026-07-06","2026-10-03","all","all","all","2026-10-03T13:05:40.132Z","90","312","305","7","97.75641025641025","12.743030302469135"
"C26299-670","Truck · UBB 456B","UHT","Lab tests","2026-09-24","pH","F/SILO: 6.75","Unassessed","6.6 - 6.8","US EAS 67:2019 Annex C","No","2026-07-06","2026-10-03","all","all","all","2026-10-03T13:05:40.132Z","90","312","305","7","97.75641025641025","12.743030302469135"
"C26299-671","Tanker","Flavored milk","Lab tests","2026-09-24","Organoleptic test","F/SILO: Normal","Pass","Characteristic","US EAS 67:2006 Annex A","No","2026-07-06","2026-10-03","all","all","all","2026-10-03T13:05:40.132Z","90","312","305","7","97.75641025641025","12.743030302469135"
"C26299-671","Tanker","Flavored milk","Lab tests","2026-09-24","Temperature, °C","F/SILO: 5.1","Pass","2.0 - 6.0","US EAS 67:2006 Annex A","No","2026-07-06","2026-10-03","all","all","all","2026-10-03T13:05:40.132Z","90","312","305","7","97.75641025641025","12.743030302469135"
"C26299-671","Tanker","Flavored milk","Lab tests","2026-09-24","10 Minutes Resazurin Test","F/SILO: 6","Pass","5.0 - 6.0","US EAS 67:2006 Annex A","No","2026-07-06","2026-10-03","all","all","all","2026-10-03T13:05:40.132Z","90","312","305","7","97.75641025641025","12.743030302469135"
"C26299-671","Tanker","Flavored milk","Lab tests","2026-09-24","pH","F/SILO: 6.77","Pass","6.6 - 6.8","US EAS 67:2019 Annex C","No","2026-07-06","2026-10-03","all","all","all","2026-10-03T13:05:40.132Z","90","312","305","7","97.75641025641025","12.743030302469135"
"C26299-673","Truck · UBA 123A","UHT","Lab tests","2026-09-22","Organoleptic test","F/SILO: Normal","Pass","Characteristic","US EAS 67:2006 Annex A","No","2026-07-06","2026-10-03","all","all","all","2026-10-03T13:05:40.132Z","90","312","305","7","97.75641025641025","12.743030302469135"
"C26299-673","Truck · UBA 123A","UHT","Lab tests","2026-09-22","Temperature, °C","F/SILO: 3.7","Pass","2.0 - 6.0","US EAS 67:2006 Annex A","No","2026-07-06","2026-10-03","all","all","all","2026-10-03T13:05:40.132Z","90","312","305","7","97.75641025641025","12.743030302469135"
"C26299-673","Truck · UBA 123A","UHT","Lab tests","2026-09-22","10 Minutes Resazurin Test","F/SILO: 6","Pass","5.0 - 6.0","US EAS 67:2006 Annex A","No","2026-07-06","2026-10-03","all","all","all","2026-10-03T13:05:40.132Z","90","312","305","7","97.75641025641025","12.743030302469135"
"C26299-673","Truck · UBA 123A","UHT","Lab tests","2026-09-22","pH","F/SILO: 6.63","Pass","6.6 - 6.8","US EAS 67:2019 Annex C","No","2026-07-06","2026-10-03","all","all","all","2026-10-03T13:05:40.132Z","90","312","305","7","97.75641025641025","12.743030302469135"
"C26299-674","Truck · UBQ 112X","Ghee","Lab tests","2026-09-22","Organoleptic test","F/SILO: Normal","Pass","Characteristic","US EAS 67:2006 Annex A","No","2026-07-06","2026-10-03","all","all","all","2026-10-03T13:05:40.132Z","90","312","305","7","97.75641025641025","12.743030302469135"
"C26299-674","Truck · UBQ 112X","Ghee","Lab tests","2026-09-22","Temperature, °C","F/SILO: 3.9","Pass","2.0 - 6.0","US EAS 67:2006 Annex A","No","2026-07-06","2026-10-03","all","all","all","2026-10-03T13:05:40.132Z","90","312","305","7","97.75641025641025","12.743030302469135"
"C26299-674","Truck · UBQ 112X","Ghee","Lab tests","2026-09-22","10 Minutes Resazurin Test","F/SILO: 6","Pass","5.0 - 6.0","US EAS 67:2006 Annex A","No","2026-07-06","2026-10-03","all","all","all","2026-10-03T13:05:40.132Z","90","312","305","7","97.75641025641025","12.743030302469135"
"C26299-674","Truck · UBQ 112X","Ghee","Lab tests","2026-09-22","pH","F/SILO: 6.65","Pass","6.6 - 6.8","US EAS 67:2019 Annex C","No","2026-07-06","2026-10-03","all","all","all","2026-10-03T13:05:40.132Z","90","312","305","7","97.75641025641025","12.743030302469135"
"C26299-675","Tanker","Flavored milk","Lab tests","2026-09-22","Organoleptic test","F/SILO: Normal","Pass","Characteristic","US EAS 67:2006 Annex A","No","2026-07-06","2026-10-03","all","all","all","2026-10-03T13:05:40.132Z","90","312","305","7","97.75641025641025","12.743030302469135"
"C26299-675","Tanker","Flavored milk","Lab tests","2026-09-22","Temperature, °C","F/SILO: 4.1","Pass","2.0 - 6.0","US EAS 67:2006 Annex A","No","2026-07-06","2026-10-03","all","all","all","2026-10-03T13:05:40.132Z","90","312","305","7","97.75641025641025","12.743030302469135"
"C26299-675","Tanker","Flavored milk","Lab tests","2026-09-22","10 Minutes Resazurin Test","F/SILO: 6","Pass","5.0 - 6.0","US EAS 67:2006 Annex A","No","2026-07-06","2026-10-03","all","all","all","2026-10-03T13:05:40.132Z","90","312","305","7","97.75641025641025","12.743030302469135"
"C26299-675","Tanker","Flavored milk","Lab tests","2026-09-22","pH","F/SILO: 6.67","Pass","6.6 - 6.8","US EAS 67:2019 Annex C","No","2026-07-06","2026-10-03","all","all","all","2026-10-03T13:05:40.132Z","90","312","305","7","97.75641025641025","12.743030302469135"
"C26299-676","Cooling Tanker","UHT","Lab tests","2026-09-22","Organoleptic test","F/SILO: Normal","Pass","Characteristic","US EAS 67:2006 Annex A","No","2026-07-06","2026-10-03","all","all","all","2026-10-03T13:05:40.132Z","90","312","305","7","97.75641025641025","12.743030302469135"
"C26299-676","Cooling Tanker","UHT","Lab tests","2026-09-22","Temperature, °C","F/SILO: 4.3","Pass","2.0 - 6.0","US EAS 67:2006 Annex A","No","2026-07-06","2026-10-03","all","all","all","2026-10-03T13:05:40.132Z","90","312","305","7","97.75641025641025","12.743030302469135"
"C26299-676","Cooling Tanker","UHT","Lab tests","2026-09-22","10 Minutes Resazurin Test","F/SILO: 6","Pass","5.0 - 6.0","US EAS 67:2006 Annex A","No","2026-07-06","2026-10-03","all","all","all","2026-10-03T13:05:40.132Z","90","312","305","7","97.75641025641025","12.743030302469135"
"C26299-676","Cooling Tanker","UHT","Lab tests","2026-09-22","pH","F/SILO: 6.69","Pass","6.6 - 6.8","US EAS 67:2019 Annex C","No","2026-07-06","2026-10-03","all","all","all","2026-10-03T13:05:40.132Z","90","312","305","7","97.75641025641025","12.743030302469135"
"C26299-677","Mixing Tank","UHT","Lab tests","2026-09-22","Organoleptic test","F/SILO: Normal","Unassessed","Characteristic","US EAS 67:2006 Annex A","No","2026-07-06","2026-10-03","all","all","all","2026-10-03T13:05:40.132Z","90","312","305","7","97.75641025641025","12.743030302469135"
"C26299-677","Mixing Tank","UHT","Lab tests","2026-09-22","Temperature, °C","F/SILO: 4.5","Unassessed","2.0 - 6.0","US EAS 67:2006 Annex A","No","2026-07-06","2026-10-03","all","all","all","2026-10-03T13:05:40.132Z","90","312","305","7","97.75641025641025","12.743030302469135"
"C26299-677","Mixing Tank","UHT","Lab tests","2026-09-22","10 Minutes Resazurin Test","F/SILO: 6","Unassessed","5.0 - 6.0","US EAS 67:2006 Annex A","No","2026-07-06","2026-10-03","all","all","all","2026-10-03T13:05:40.132Z","90","312","305","7","97.75641025641025","12.743030302469135"
"C26299-677","Mixing Tank","UHT","Lab tests","2026-09-22","pH","F/SILO: 6.9","Unassessed","6.6 - 6.8","US EAS 67:2019 Annex C","No","2026-07-06","2026-10-03","all","all","all","2026-10-03T13:05:40.132Z","90","312","305","7","97.75641025641025","12.743030302469135"
"C26299-678","Truck · UBB 456B","Ghee","Lab tests","2026-09-22","Organoleptic test","F/SILO: Normal","Pass","Characteristic","US EAS 67:2006 Annex A","No","2026-07-06","2026-10-03","all","all","all","2026-10-03T13:05:40.132Z","90","312","305","7","97.75641025641025","12.743030302469135"
"C26299-678","Truck · UBB 456B","Ghee","Lab tests","2026-09-22","Temperature, °C","F/SILO: 4.7","Pass","2.0 - 6.0","US EAS 67:2006 Annex A","No","2026-07-06","2026-10-03","all","all","all","2026-10-03T13:05:40.132Z","90","312","305","7","97.75641025641025","12.743030302469135"
"C26299-678","Truck · UBB 456B","Ghee","Lab tests","2026-09-22","10 Minutes Resazurin Test","F/SILO: 6","Pass","5.0 - 6.0","US EAS 67:2006 Annex A","No","2026-07-06","2026-10-03","all","all","all","2026-10-03T13:05:40.132Z","90","312","305","7","97.75641025641025","12.743030302469135"
"C26299-678","Truck · UBB 456B","Ghee","Lab tests","2026-09-22","pH","F/SILO: 6.73","Pass","6.6 - 6.8","US EAS 67:2019 Annex C","No","2026-07-06","2026-10-03","all","all","all","2026-10-03T13:05:40.132Z","90","312","305","7","97.75641025641025","12.743030302469135"
"C26299-679","Truck · UBC 789C","Flavored milk","Lab tests","2026-09-22","Organoleptic test","F/SILO: Normal","Pass","Characteristic","US EAS 67:2006 Annex A","No","2026-07-06","2026-10-03","all","all","all","2026-10-03T13:05:40.132Z","90","312","305","7","97.75641025641025","12.743030302469135"
"C26299-679","Truck · UBC 789C","Flavored milk","Lab tests","2026-09-22","Temperature, °C","F/SILO: 4.9","Pass","2.0 - 6.0","US EAS 67:2006 Annex A","No","2026-07-06","2026-10-03","all","all","all","2026-10-03T13:05:40.132Z","90","312","305","7","97.75641025641025","12.743030302469135"
"C26299-679","Truck · UBC 789C","Flavored milk","Lab tests","2026-09-22","10 Minutes Resazurin Test","F/SILO: 6","Pass","5.0 - 6.0","US EAS 67:2006 Annex A","No","2026-07-06","2026-10-03","all","all","all","2026-10-03T13:05:40.132Z","90","312","305","7","97.75641025641025","12.743030302469135"
"C26299-679","Truck · UBC 789C","Flavored milk","Lab tests","2026-09-22","pH","F/SILO: 6.75","Pass","6.6 - 6.8","US EAS 67:2019 Annex C","No","2026-07-06","2026-10-03","all","all","all","2026-10-03T13:05:40.132Z","90","312","305","7","97.75641025641025","12.743030302469135"
"C26299-680","Truck · UBD 234D","UHT","Lab tests","2026-09-21","Organoleptic test","F/SILO: Normal","Pass","Characteristic","US EAS 67:2006 Annex A","No","2026-07-06","2026-10-03","all","all","all","2026-10-03T13:05:40.132Z","90","312","305","7","97.75641025641025","12.743030302469135"
"C26299-680","Truck · UBD 234D","UHT","Lab tests","2026-09-21","Temperature, °C","F/SILO: 5.1","Pass","2.0 - 6.0","US EAS 67:2006 Annex A","No","2026-07-06","2026-10-03","all","all","all","2026-10-03T13:05:40.132Z","90","312","305","7","97.75641025641025","12.743030302469135"
"C26299-680","Truck · UBD 234D","UHT","Lab tests","2026-09-21","10 Minutes Resazurin Test","F/SILO: 6","Pass","5.0 - 6.0","US EAS 67:2006 Annex A","No","2026-07-06","2026-10-03","all","all","all","2026-10-03T13:05:40.132Z","90","312","305","7","97.75641025641025","12.743030302469135"
"C26299-680","Truck · UBD 234D","UHT","Lab tests","2026-09-21","pH","F/SILO: 6.77","Pass","6.6 - 6.8","US EAS 67:2019 Annex C","No","2026-07-06","2026-10-03","all","all","all","2026-10-03T13:05:40.132Z","90","312","305","7","97.75641025641025","12.743030302469135"
"C26299-681","Cooling Tanker","UHT","Lab tests","2026-09-20","Organoleptic test","F/SILO: Normal","Pass","Characteristic","US EAS 67:2006 Annex A","No","2026-07-06","2026-10-03","all","all","all","2026-10-03T13:05:40.132Z","90","312","305","7","97.75641025641025","12.743030302469135"
"C26299-681","Cooling Tanker","UHT","Lab tests","2026-09-20","Temperature, °C","F/SILO: 3.5","Pass","2.0 - 6.0","US EAS 67:2006 Annex A","No","2026-07-06","2026-10-03","all","all","all","2026-10-03T13:05:40.132Z","90","312","305","7","97.75641025641025","12.743030302469135"
"C26299-681","Cooling Tanker","UHT","Lab tests","2026-09-20","10 Minutes Resazurin Test","F/SILO: 6","Pass","5.0 - 6.0","US EAS 67:2006 Annex A","No","2026-07-06","2026-10-03","all","all","all","2026-10-03T13:05:40.132Z","90","312","305","7","97.75641025641025","12.743030302469135"
"C26299-681","Cooling Tanker","UHT","Lab tests","2026-09-20","pH","F/SILO: 6.61","Pass","6.6 - 6.8","US EAS 67:2019 Annex C","No","2026-07-06","2026-10-03","all","all","all","2026-10-03T13:05:40.132Z","90","312","305","7","97.75641025641025","12.743030302469135"
"C26299-682","Tanker","Flavored milk","Lab tests","2026-09-20","Organoleptic test","F/SILO: Normal","Pass","Characteristic","US EAS 67:2006 Annex A","No","2026-07-06","2026-10-03","all","all","all","2026-10-03T13:05:40.132Z","90","312","305","7","97.75641025641025","12.743030302469135"
"C26299-682","Tanker","Flavored milk","Lab tests","2026-09-20","Temperature, °C","F/SILO: 3.7","Pass","2.0 - 6.0","US EAS 67:2006 Annex A","No","2026-07-06","2026-10-03","all","all","all","2026-10-03T13:05:40.132Z","90","312","305","7","97.75641025641025","12.743030302469135"
"C26299-682","Tanker","Flavored milk","Lab tests","2026-09-20","10 Minutes Resazurin Test","F/SILO: 6","Pass","5.0 - 6.0","US EAS 67:2006 Annex A","No","2026-07-06","2026-10-03","all","all","all","2026-10-03T13:05:40.132Z","90","312","305","7","97.75641025641025","12.743030302469135"
"C26299-682","Tanker","Flavored milk","Lab tests","2026-09-20","pH","F/SILO: 6.63","Pass","6.6 - 6.8","US EAS 67:2019 Annex C","No","2026-07-06","2026-10-03","all","all","all","2026-10-03T13:05:40.132Z","90","312","305","7","97.75641025641025","12.743030302469135"
"C26299-683","Truck · UBA 123A","UHT","Lab tests","2026-09-20","Organoleptic test","F/SILO: Normal","Pass","Characteristic","US EAS 67:2006 Annex A","No","2026-07-06","2026-10-03","all","all","all","2026-10-03T13:05:40.132Z","90","312","305","7","97.75641025641025","12.743030302469135"
"C26299-683","Truck · UBA 123A","UHT","Lab tests","2026-09-20","Temperature, °C","F/SILO: 3.9","Pass","2.0 - 6.0","US EAS 67:2006 Annex A","No","2026-07-06","2026-10-03","all","all","all","2026-10-03T13:05:40.132Z","90","312","305","7","97.75641025641025","12.743030302469135"
"C26299-683","Truck · UBA 123A","UHT","Lab tests","2026-09-20","10 Minutes Resazurin Test","F/SILO: 6","Pass","5.0 - 6.0","US EAS 67:2006 Annex A","No","2026-07-06","2026-10-03","all","all","all","2026-10-03T13:05:40.132Z","90","312","305","7","97.75641025641025","12.743030302469135"
"C26299-683","Truck · UBA 123A","UHT","Lab tests","2026-09-20","pH","F/SILO: 6.65","Pass","6.6 - 6.8","US EAS 67:2019 Annex C","No","2026-07-06","2026-10-03","all","all","all","2026-10-03T13:05:40.132Z","90","312","305","7","97.75641025641025","12.743030302469135"
"C26299-684","Truck · UBQ 112X","UHT","Lab tests","2026-09-20","Organoleptic test","F/SILO: Normal","Unassessed","Characteristic","US EAS 67:2006 Annex A","No","2026-07-06","2026-10-03","all","all","all","2026-10-03T13:05:40.132Z","90","312","305","7","97.75641025641025","12.743030302469135"
"C26299-684","Truck · UBQ 112X","UHT","Lab tests","2026-09-20","Temperature, °C","F/SILO: 4.1","Unassessed","2.0 - 6.0","US EAS 67:2006 Annex A","No","2026-07-06","2026-10-03","all","all","all","2026-10-03T13:05:40.132Z","90","312","305","7","97.75641025641025","12.743030302469135"
"C26299-684","Truck · UBQ 112X","UHT","Lab tests","2026-09-20","10 Minutes Resazurin Test","F/SILO: 6","Unassessed","5.0 - 6.0","US EAS 67:2006 Annex A","No","2026-07-06","2026-10-03","all","all","all","2026-10-03T13:05:40.132Z","90","312","305","7","97.75641025641025","12.743030302469135"
"C26299-684","Truck · UBQ 112X","UHT","Lab tests","2026-09-20","pH","F/SILO: 6.67","Unassessed","6.6 - 6.8","US EAS 67:2019 Annex C","No","2026-07-06","2026-10-03","all","all","all","2026-10-03T13:05:40.132Z","90","312","305","7","97.75641025641025","12.743030302469135"
"C26299-685","Mixing Tank","Ghee","Lab tests","2026-09-20","Organoleptic test","F/SILO: Normal","Pass","Characteristic","US EAS 67:2006 Annex A","No","2026-07-06","2026-10-03","all","all","all","2026-10-03T13:05:40.132Z","90","312","305","7","97.75641025641025","12.743030302469135"
"C26299-685","Mixing Tank","Ghee","Lab tests","2026-09-20","Temperature, °C","F/SILO: 4.3","Pass","2.0 - 6.0","US EAS 67:2006 Annex A","No","2026-07-06","2026-10-03","all","all","all","2026-10-03T13:05:40.132Z","90","312","305","7","97.75641025641025","12.743030302469135"
"C26299-685","Mixing Tank","Ghee","Lab tests","2026-09-20","10 Minutes Resazurin Test","F/SILO: 6","Pass","5.0 - 6.0","US EAS 67:2006 Annex A","No","2026-07-06","2026-10-03","all","all","all","2026-10-03T13:05:40.132Z","90","312","305","7","97.75641025641025","12.743030302469135"
"C26299-685","Mixing Tank","Ghee","Lab tests","2026-09-20","pH","F/SILO: 6.69","Pass","6.6 - 6.8","US EAS 67:2019 Annex C","No","2026-07-06","2026-10-03","all","all","all","2026-10-03T13:05:40.132Z","90","312","305","7","97.75641025641025","12.743030302469135"
"C26299-686","Truck · UBB 456B","Flavored milk","Lab tests","2026-09-20","Organoleptic test","F/SILO: Normal","Pass","Characteristic","US EAS 67:2006 Annex A","No","2026-07-06","2026-10-03","all","all","all","2026-10-03T13:05:40.132Z","90","312","305","7","97.75641025641025","12.743030302469135"
"C26299-686","Truck · UBB 456B","Flavored milk","Lab tests","2026-09-20","Temperature, °C","F/SILO: 4.5","Pass","2.0 - 6.0","US EAS 67:2006 Annex A","No","2026-07-06","2026-10-03","all","all","all","2026-10-03T13:05:40.132Z","90","312","305","7","97.75641025641025","12.743030302469135"
"C26299-686","Truck · UBB 456B","Flavored milk","Lab tests","2026-09-20","10 Minutes Resazurin Test","F/SILO: 6","Pass","5.0 - 6.0","US EAS 67:2006 Annex A","No","2026-07-06","2026-10-03","all","all","all","2026-10-03T13:05:40.132Z","90","312","305","7","97.75641025641025","12.743030302469135"
"C26299-686","Truck · UBB 456B","Flavored milk","Lab tests","2026-09-20","pH","F/SILO: 6.71","Pass","6.6 - 6.8","US EAS 67:2019 Annex C","No","2026-07-06","2026-10-03","all","all","all","2026-10-03T13:05:40.132Z","90","312","305","7","97.75641025641025","12.743030302469135"
"C26299-687","Truck · UBC 789C","UHT","Lab tests","2026-09-20","Organoleptic test","F/SILO: Normal","Pass","Characteristic","US EAS 67:2006 Annex A","No","2026-07-06","2026-10-03","all","all","all","2026-10-03T13:05:40.132Z","90","312","305","7","97.75641025641025","12.743030302469135"
"C26299-687","Truck · UBC 789C","UHT","Lab tests","2026-09-20","Temperature, °C","F/SILO: 4.7","Pass","2.0 - 6.0","US EAS 67:2006 Annex A","No","2026-07-06","2026-10-03","all","all","all","2026-10-03T13:05:40.132Z","90","312","305","7","97.75641025641025","12.743030302469135"
"C26299-687","Truck · UBC 789C","UHT","Lab tests","2026-09-20","10 Minutes Resazurin Test","F/SILO: 6","Pass","5.0 - 6.0","US EAS 67:2006 Annex A","No","2026-07-06","2026-10-03","all","all","all","2026-10-03T13:05:40.132Z","90","312","305","7","97.75641025641025","12.743030302469135"
"C26299-687","Truck · UBC 789C","UHT","Lab tests","2026-09-20","pH","F/SILO: 6.73","Pass","6.6 - 6.8","US EAS 67:2019 Annex C","No","2026-07-06","2026-10-03","all","all","all","2026-10-03T13:05:40.132Z","90","312","305","7","97.75641025641025","12.743030302469135"
"C26299-689","Tanker","Flavored milk","Lab tests","2026-09-20","Organoleptic test","F/SILO: Normal","Pass","Characteristic","US EAS 67:2006 Annex A","No","2026-07-06","2026-10-03","all","all","all","2026-10-03T13:05:40.132Z","90","312","305","7","97.75641025641025","12.743030302469135"
"C26299-689","Tanker","Flavored milk","Lab tests","2026-09-20","Temperature, °C","F/SILO: 5.1","Pass","2.0 - 6.0","US EAS 67:2006 Annex A","No","2026-07-06","2026-10-03","all","all","all","2026-10-03T13:05:40.132Z","90","312","305","7","97.75641025641025","12.743030302469135"
"C26299-689","Tanker","Flavored milk","Lab tests","2026-09-20","10 Minutes Resazurin Test","F/SILO: 6","Pass","5.0 - 6.0","US EAS 67:2006 Annex A","No","2026-07-06","2026-10-03","all","all","all","2026-10-03T13:05:40.132Z","90","312","305","7","97.75641025641025","12.743030302469135"
"C26299-689","Tanker","Flavored milk","Lab tests","2026-09-20","pH","F/SILO: 6.77","Pass","6.6 - 6.8","US EAS 67:2019 Annex C","No","2026-07-06","2026-10-03","all","all","all","2026-10-03T13:05:40.132Z","90","312","305","7","97.75641025641025","12.743030302469135"
"C26299-688","Cooling Tanker","UHT","Lab tests","2026-09-19","Organoleptic test","F/SILO: Normal","Pass","Characteristic","US EAS 67:2006 Annex A","No","2026-07-06","2026-10-03","all","all","all","2026-10-03T13:05:40.132Z","90","312","305","7","97.75641025641025","12.743030302469135"
"C26299-688","Cooling Tanker","UHT","Lab tests","2026-09-19","Temperature, °C","F/SILO: 4.9","Pass","2.0 - 6.0","US EAS 67:2006 Annex A","No","2026-07-06","2026-10-03","all","all","all","2026-10-03T13:05:40.132Z","90","312","305","7","97.75641025641025","12.743030302469135"
"C26299-688","Cooling Tanker","UHT","Lab tests","2026-09-19","10 Minutes Resazurin Test","F/SILO: 6","Pass","5.0 - 6.0","US EAS 67:2006 Annex A","No","2026-07-06","2026-10-03","all","all","all","2026-10-03T13:05:40.132Z","90","312","305","7","97.75641025641025","12.743030302469135"
"C26299-688","Cooling Tanker","UHT","Lab tests","2026-09-19","pH","F/SILO: 6.9","Fail","6.6 - 6.8","US EAS 67:2019 Annex C","No","2026-07-06","2026-10-03","all","all","all","2026-10-03T13:05:40.132Z","90","312","305","7","97.75641025641025","12.743030302469135"
"C26299-690","Truck · UBD 234D","Flavored milk","Lab tests","2026-09-18","Organoleptic test","F/SILO: Normal","Pass","Characteristic","US EAS 67:2006 Annex A","No","2026-07-06","2026-10-03","all","all","all","2026-10-03T13:05:40.132Z","90","312","305","7","97.75641025641025","12.743030302469135"
"C26299-690","Truck · UBD 234D","Flavored milk","Lab tests","2026-09-18","Temperature, °C","F/SILO: 3.5","Pass","2.0 - 6.0","US EAS 67:2006 Annex A","No","2026-07-06","2026-10-03","all","all","all","2026-10-03T13:05:40.132Z","90","312","305","7","97.75641025641025","12.743030302469135"
"C26299-690","Truck · UBD 234D","Flavored milk","Lab tests","2026-09-18","10 Minutes Resazurin Test","F/SILO: 6","Pass","5.0 - 6.0","US EAS 67:2006 Annex A","No","2026-07-06","2026-10-03","all","all","all","2026-10-03T13:05:40.132Z","90","312","305","7","97.75641025641025","12.743030302469135"
"C26299-690","Truck · UBD 234D","Flavored milk","Lab tests","2026-09-18","pH","F/SILO: 6.61","Pass","6.6 - 6.8","US EAS 67:2019 Annex C","No","2026-07-06","2026-10-03","all","all","all","2026-10-03T13:05:40.132Z","90","312","305","7","97.75641025641025","12.743030302469135"
"C26299-691","Truck · UBA 123A","UHT","Lab tests","2026-09-18","Organoleptic test","F/SILO: Normal","Unassessed","Characteristic","US EAS 67:2006 Annex A","No","2026-07-06","2026-10-03","all","all","all","2026-10-03T13:05:40.132Z","90","312","305","7","97.75641025641025","12.743030302469135"
"C26299-691","Truck · UBA 123A","UHT","Lab tests","2026-09-18","Temperature, °C","F/SILO: 3.7","Unassessed","2.0 - 6.0","US EAS 67:2006 Annex A","No","2026-07-06","2026-10-03","all","all","all","2026-10-03T13:05:40.132Z","90","312","305","7","97.75641025641025","12.743030302469135"
"C26299-691","Truck · UBA 123A","UHT","Lab tests","2026-09-18","10 Minutes Resazurin Test","F/SILO: 6","Unassessed","5.0 - 6.0","US EAS 67:2006 Annex A","No","2026-07-06","2026-10-03","all","all","all","2026-10-03T13:05:40.132Z","90","312","305","7","97.75641025641025","12.743030302469135"
"C26299-691","Truck · UBA 123A","UHT","Lab tests","2026-09-18","pH","F/SILO: 6.63","Unassessed","6.6 - 6.8","US EAS 67:2019 Annex C","No","2026-07-06","2026-10-03","all","all","all","2026-10-03T13:05:40.132Z","90","312","305","7","97.75641025641025","12.743030302469135"
"C26299-692","Mixing Tank","Ghee","Lab tests","2026-09-18","Organoleptic test","F/SILO: Normal","Pass","Characteristic","US EAS 67:2006 Annex A","No","2026-07-06","2026-10-03","all","all","all","2026-10-03T13:05:40.132Z","90","312","305","7","97.75641025641025","12.743030302469135"
"C26299-692","Mixing Tank","Ghee","Lab tests","2026-09-18","Temperature, °C","F/SILO: 3.9","Pass","2.0 - 6.0","US EAS 67:2006 Annex A","No","2026-07-06","2026-10-03","all","all","all","2026-10-03T13:05:40.132Z","90","312","305","7","97.75641025641025","12.743030302469135"
"C26299-692","Mixing Tank","Ghee","Lab tests","2026-09-18","10 Minutes Resazurin Test","F/SILO: 6","Pass","5.0 - 6.0","US EAS 67:2006 Annex A","No","2026-07-06","2026-10-03","all","all","all","2026-10-03T13:05:40.132Z","90","312","305","7","97.75641025641025","12.743030302469135"
"C26299-692","Mixing Tank","Ghee","Lab tests","2026-09-18","pH","F/SILO: 6.65","Pass","6.6 - 6.8","US EAS 67:2019 Annex C","No","2026-07-06","2026-10-03","all","all","all","2026-10-03T13:05:40.132Z","90","312","305","7","97.75641025641025","12.743030302469135"
"C26299-693","Truck · UBQ 112X","Flavored milk","Lab tests","2026-09-18","Organoleptic test","F/SILO: Normal","Pass","Characteristic","US EAS 67:2006 Annex A","No","2026-07-06","2026-10-03","all","all","all","2026-10-03T13:05:40.132Z","90","312","305","7","97.75641025641025","12.743030302469135"
"C26299-693","Truck · UBQ 112X","Flavored milk","Lab tests","2026-09-18","Temperature, °C","F/SILO: 4.1","Pass","2.0 - 6.0","US EAS 67:2006 Annex A","No","2026-07-06","2026-10-03","all","all","all","2026-10-03T13:05:40.132Z","90","312","305","7","97.75641025641025","12.743030302469135"
"C26299-693","Truck · UBQ 112X","Flavored milk","Lab tests","2026-09-18","10 Minutes Resazurin Test","F/SILO: 6","Pass","5.0 - 6.0","US EAS 67:2006 Annex A","No","2026-07-06","2026-10-03","all","all","all","2026-10-03T13:05:40.132Z","90","312","305","7","97.75641025641025","12.743030302469135"
"C26299-693","Truck · UBQ 112X","Flavored milk","Lab tests","2026-09-18","pH","F/SILO: 6.67","Pass","6.6 - 6.8","US EAS 67:2019 Annex C","No","2026-07-06","2026-10-03","all","all","all","2026-10-03T13:05:40.132Z","90","312","305","7","97.75641025641025","12.743030302469135"
"C26299-694","Truck · UBB 456B","UHT","Lab tests","2026-09-18","Organoleptic test","F/SILO: Normal","Pass","Characteristic","US EAS 67:2006 Annex A","No","2026-07-06","2026-10-03","all","all","all","2026-10-03T13:05:40.132Z","90","312","305","7","97.75641025641025","12.743030302469135"
"C26299-694","Truck · UBB 456B","UHT","Lab tests","2026-09-18","Temperature, °C","F/SILO: 4.3","Pass","2.0 - 6.0","US EAS 67:2006 Annex A","No","2026-07-06","2026-10-03","all","all","all","2026-10-03T13:05:40.132Z","90","312","305","7","97.75641025641025","12.743030302469135"
"C26299-694","Truck · UBB 456B","UHT","Lab tests","2026-09-18","10 Minutes Resazurin Test","F/SILO: 6","Pass","5.0 - 6.0","US EAS 67:2006 Annex A","No","2026-07-06","2026-10-03","all","all","all","2026-10-03T13:05:40.132Z","90","312","305","7","97.75641025641025","12.743030302469135"
"C26299-694","Truck · UBB 456B","UHT","Lab tests","2026-09-18","pH","F/SILO: 6.69","Pass","6.6 - 6.8","US EAS 67:2019 Annex C","No","2026-07-06","2026-10-03","all","all","all","2026-10-03T13:05:40.132Z","90","312","305","7","97.75641025641025","12.743030302469135"
"C26299-695","Tanker","UHT","Lab tests","2026-09-18","Organoleptic test","F/SILO: Normal","Pass","Characteristic","US EAS 67:2006 Annex A","No","2026-07-06","2026-10-03","all","all","all","2026-10-03T13:05:40.132Z","90","312","305","7","97.75641025641025","12.743030302469135"
"C26299-695","Tanker","UHT","Lab tests","2026-09-18","Temperature, °C","F/SILO: 4.5","Pass","2.0 - 6.0","US EAS 67:2006 Annex A","No","2026-07-06","2026-10-03","all","all","all","2026-10-03T13:05:40.132Z","90","312","305","7","97.75641025641025","12.743030302469135"
"C26299-695","Tanker","UHT","Lab tests","2026-09-18","10 Minutes Resazurin Test","F/SILO: 6","Pass","5.0 - 6.0","US EAS 67:2006 Annex A","No","2026-07-06","2026-10-03","all","all","all","2026-10-03T13:05:40.132Z","90","312","305","7","97.75641025641025","12.743030302469135"
"C26299-695","Tanker","UHT","Lab tests","2026-09-18","pH","F/SILO: 6.71","Pass","6.6 - 6.8","US EAS 67:2019 Annex C","No","2026-07-06","2026-10-03","all","all","all","2026-10-03T13:05:40.132Z","90","312","305","7","97.75641025641025","12.743030302469135"
"C26299-697","Truck · UBA 123A","Flavored milk","Lab tests","2026-09-18","Organoleptic test","F/SILO: Normal","Pass","Characteristic","US EAS 67:2006 Annex A","No","2026-07-06","2026-10-03","all","all","all","2026-10-03T13:05:40.132Z","90","312","305","7","97.75641025641025","12.743030302469135"
"C26299-697","Truck · UBA 123A","Flavored milk","Lab tests","2026-09-18","Temperature, °C","F/SILO: 4.9","Pass","2.0 - 6.0","US EAS 67:2006 Annex A","No","2026-07-06","2026-10-03","all","all","all","2026-10-03T13:05:40.132Z","90","312","305","7","97.75641025641025","12.743030302469135"
"C26299-697","Truck · UBA 123A","Flavored milk","Lab tests","2026-09-18","10 Minutes Resazurin Test","F/SILO: 6","Pass","5.0 - 6.0","US EAS 67:2006 Annex A","No","2026-07-06","2026-10-03","all","all","all","2026-10-03T13:05:40.132Z","90","312","305","7","97.75641025641025","12.743030302469135"
"C26299-697","Truck · UBA 123A","Flavored milk","Lab tests","2026-09-18","pH","F/SILO: 6.75","Pass","6.6 - 6.8","US EAS 67:2019 Annex C","No","2026-07-06","2026-10-03","all","all","all","2026-10-03T13:05:40.132Z","90","312","305","7","97.75641025641025","12.743030302469135"
"C26299-698","Truck · UBQ 112X","UHT","Lab tests","2026-09-18","Organoleptic test","F/SILO: Normal","Unassessed","Characteristic","US EAS 67:2006 Annex A","No","2026-07-06","2026-10-03","all","all","all","2026-10-03T13:05:40.132Z","90","312","305","7","97.75641025641025","12.743030302469135"
"C26299-698","Truck · UBQ 112X","UHT","Lab tests","2026-09-18","Temperature, °C","F/SILO: 5.1","Unassessed","2.0 - 6.0","US EAS 67:2006 Annex A","No","2026-07-06","2026-10-03","all","all","all","2026-10-03T13:05:40.132Z","90","312","305","7","97.75641025641025","12.743030302469135"
"C26299-698","Truck · UBQ 112X","UHT","Lab tests","2026-09-18","10 Minutes Resazurin Test","F/SILO: 6","Unassessed","5.0 - 6.0","US EAS 67:2006 Annex A","No","2026-07-06","2026-10-03","all","all","all","2026-10-03T13:05:40.132Z","90","312","305","7","97.75641025641025","12.743030302469135"
"C26299-698","Truck · UBQ 112X","UHT","Lab tests","2026-09-18","pH","F/SILO: 6.77","Unassessed","6.6 - 6.8","US EAS 67:2019 Annex C","No","2026-07-06","2026-10-03","all","all","all","2026-10-03T13:05:40.132Z","90","312","305","7","97.75641025641025","12.743030302469135"
"C26299-699","Tanker","UHT","Lab tests","2026-09-16","Organoleptic test","F/SILO: Normal","Pass","Characteristic","US EAS 67:2006 Annex A","No","2026-07-06","2026-10-03","all","all","all","2026-10-03T13:05:40.132Z","90","312","305","7","97.75641025641025","12.743030302469135"
"C26299-699","Tanker","UHT","Lab tests","2026-09-16","Temperature, °C","F/SILO: 3.5","Pass","2.0 - 6.0","US EAS 67:2006 Annex A","No","2026-07-06","2026-10-03","all","all","all","2026-10-03T13:05:40.132Z","90","312","305","7","97.75641025641025","12.743030302469135"
"C26299-699","Tanker","UHT","Lab tests","2026-09-16","10 Minutes Resazurin Test","F/SILO: 6","Pass","5.0 - 6.0","US EAS 67:2006 Annex A","No","2026-07-06","2026-10-03","all","all","all","2026-10-03T13:05:40.132Z","90","312","305","7","97.75641025641025","12.743030302469135"
"C26299-699","Tanker","UHT","Lab tests","2026-09-16","pH","F/SILO: 6.9","Fail","6.6 - 6.8","US EAS 67:2019 Annex C","No","2026-07-06","2026-10-03","all","all","all","2026-10-03T13:05:40.132Z","90","312","305","7","97.75641025641025","12.743030302469135"